creator_EOA,contract address,num_addresses
0x1A496DA5e27F8f3B06d23aa09dd1d7f33dF8040a,"['0xf86d1Ee0eA04E1213F108230771CAa446f3bbe5B', '0xF243c48d71419aCEFa9b0bBBbad0f3B27bf24D21']",2
0x1b059118A30A335C5E2B0F560a26898115E77684,"['0x0Cf819BFF5fC76A6aaAC619327643521b490126B', '0x28C9FDd40141b06EbC1A96D338bF963979c919d7', '0xd543DB348aEAa8d1ee2A248506fbd804653B162e', '0x97D830aEdE86e33D9BedB5710AeF60309e8C8B9C', '0x3e5cb6C77735934C4579849420C9B2A8976F6C5C', '0x523107BC3222817bBe3E3b060Ba38C9Eb19E8968']",6
0x20395D8e8a11CFD2541b942aFdb810b7dcc64681,"['0x07e536F23a197F6FB76F42aD01ac2Bcdc3BF738E', '0x61E0235E452EFfCd991874861b6fc28091dA9DF8', '0x22fBCe9EDE259aDDB79EAED8e94148c063637750']",3
0x23762995608eAD76d2a9949189aAa13b3c44611E,"['0x9AC0eD77aE7F2e187808bD25f0Ec2fabB6e3a0e7', '0x8F8e315A99ec5A601cC98dBE4eaF22B36d453B0E', '0xd68C19d275b003089E07Cc2a7F3F037c94F4af99']",3
0x27D8dfC26261b7B7732d1be9B3770f1f53fDd490,"['0x9375F77A0F50AbD29860D906ff3766B2D33C0721', '0xF13c852F9F9BEF6d53490457b492E86bC0aD9136']",2
0x2E713D48f969172984e7D470e46366bB99D798E5,"['0xBFB8d0d681BBe8452FdeB28808D2135f2af58a0F', '0x5E9D146e986754634b462ac71f5dcb89bD5553Ac', '0xF8AaCE4Db3e1Df6a940E4B1f75055f01Fd1a57D8', '0xf08e535E2ac0520ee1F0e4135179bEFE15d0b5C2', '0xA4c85EA29f595DA5CE2C97e2Bc61FEc87A3D6875', '0x956CF2F50C24880bd44d5bB128B93184648be7ef']",6
0x3222220e49C8365149C3aC65854864668be7ecF8,"['0xbdC3672C0a87B538b7C64F9360bE94799bE3f65A', '0xcf3bfc04C958eCA263E3F3eF46024a49ada741Ba']",2
0x374783BC2b5436D1517644261DB33d976ED4795D,"['0xd7D05C91a7ebF4c0fc7bf223a3219F0623E3AEcC', '0x362031572fE09262B1b00c2a7287229A305Ea8B3', '0x2ac03375C7a3A3A58aA0A80ca82f3F777015C828', '0x6E671f9D9fFA39F089C0a0FD3be3240E301A9c8B', '0x2D56a22E6cbb470F304E3904D6a2F835219cF401']",5
0x499057D1AE21F2AFE0b46C154f9529201C44c6C1,"['0xaECde6D645f7434347d375782a2F19e8D701ba80', '0x8aa4D831582C3545A02894aBBAB8450C9c545d85', '0x1bA98f52C6FdB0d23b3994121BEb2cbE89d6b295', '0x1C9c1e8BC919b2EA92AfdAd118955bfa686Fb94b', '0xe1e2C21E01cBA093631A27b136C51CA016ebF33F']",5
0x52e38D496F8D712394D5ED55E4d4Cdd21f1957De,"['0x25026267a9ae68f4E86AcD83d54Bd0e1593C0A75', '0x11BFd986299bb0D5666536E361f312198e882642']",2
0x57dB2E848c43d8A35eD233D6308c8EdE233f5b8c,"['0x61B036E31376c88a9Ea78928952d84a96a5b03A0', '0x45B25E151AAC4B39777AdfaA3ac1dC2aF4eB6D5f']",2
0x5e45e1c9adB232db6a1b05FcDd28977A411B94B4,"['0xf78dA450F968B3367831B89000aC49666FEE20d0', '0x3CE93d74Ef024716bfE6070198905B18e62ecE89']",2
0x60247473d1248F94be9cCd11321780abF7382c30,"['0x84270612Bc53dCeEcE2E61ABd4B36ea0c29a2628', '0x79B8A37301d8d1A4D6dA7E9620C0E3cF622Da402', '0xf4047D77e5a6BdE6A3A28A2843Ecdfd4E26bB8CE']",3
0x64bBE5961EbC5117fd615e25517FDd01E9316258,"['0x2F5eBC8E0278cF55004Bd3a10fFDB03DcFC83989', '0xCAFFB5BA8f3966BB3c2A3D01e3A4dA7CF16568a3']",2
0x6c742E4B3e2dfb56b692F0B36118af47D2A49cac,"['0x5Fbec498A1f15F439d95664516Be92E75e0CD8B3', '0xf0edbf735D3C97fDa7066f2a33dB0a7ba3475c89', '0x9E85Fb8B9dE341432cb1A5226b3796704291DdDc', '0x7fF45abe74C74448751524DcD1Eb3979c1ED5ecB']",4
0x7B6690C97F70B3C49F5Ac10193862D7ba3d880A0,"['0x9465dEF3c7C9060dB14684CE14BfA136765C346B', '0x1F225E882C213D8B148Af91F7d5ABc03ed063700', '0x949271BCeedC009811FAe4A4F4FCE029F59196c6', '0x02fcd233869834F249d14EeC5949F2A6356F0bc8', '0x434d921188f8a7Fb86704f6a0B286ce9E0A18381', '0xc06f2B468074c799B80417F35D9c23823934a655', '0xB3B68ECE18369Cd5DBa0289950095613B6e822b5', '0xa2c2B7c20cC252216835A32D444F1857556bBDe3', '0xbF26FCfb47cCb6e6D1A263b6d7CcEA638533c074']",9
0x7Ccf451D3c48C8bb747f42F29A0CdE4209FF863e,"['0xa905FF8853eDc498a2aCDDFDFaC4a56C2C599930', '0xa1430214aB0048a87bDd8d92501CFB4Ea2326FC4', '0xa7Fe9c5D4b87b0d03E9bB99F4B4E76785de26b5D']",3
0x84f37F6cC75cCde5fE9bA99093824A11CfDc329D,"['0x2B5A32D97219e78B6D4b1F52ac6130a58eF9952A', '0x5cb0727FB77078AB7bFB8d1365F1f4F7b69eB7E5', '0xf6F60B0E83d9837C1F247C575C8583b1d085D351', '0x69ED5B59D977695650eC4B29E61c0Faa8cc0ed5C', '0x84589248667e17988BaAF8F5B51bfa9eaF58168F', '0x375157096eB1639CaCc3a8a70D0D394F1Cc27bf7', '0xeEC54c60380F2b05117afe842Dd1856Ff89c0a18', '0x19e3Ae25e21Cbf938f5EF9EdAe6bCBe528cBF4e6', '0x4c16bFB00A08c3ABacb2508835BaFdAE14E637F9']",9
0x85b4c672AA5F4c7165224e4A7Ba550bf2c16E64d,"['0xe2D43B032702f7F09Edf8A0Dd7dd641c3Cd19cf3', '0x6aDE8Abbd1271fb9E61fD93AFF187F496d058eFB']",2
0x8FE2e08e450e34Ee280d4F0c640568a79163bFE4,"['0xc791799aF4E56689C982DA10AF5A77316533154a', '0x6D7bdF6a6a02Cd718743BD2DC0612Cfc3335baaC', '0x61f902b26fBeAf023db4c6cFfE1265d9dFB25C50', '0x9343A59de9F7D961988f4b41438567CF8C1011dA', '0xC3c9406c40E176C7c80e78940Feaa2C762bF8987', '0xeCf39E7f80CF83e2D6F0e41DCfa22241AD52B94C']",6
0x9c66B0c68c144Ffe33E7084FE8cE36EBC44aD21e,"['0xF821Cbb5246cBFa066bCeB0a9a6a9Fc0DEF1eEe5', '0xb25B06CE27D687760cC75333dc172eDD9873d51d', '0x35F38dae50F2804D683D87A574C375c621fC431f', '0x42c0a542CCdbD3b5Cb575b536b7bba9Ed89c89F0', '0xe9616ff20ad519Bce0e3D61353a37232F0c27A50', '0xdFAB027d59737f231C63D9C21a0F85491cE7D43f', '0x804A1af0d7338046ffeb8E9DDC553883E087a9cb', '0x22cF3BbE32173650D143217d85986cd86e3c9366', '0x1DF3b68c74F53AFD48AEBC838Bf77C08808532aA', '0x5d6db5B774830848C64C407AdD3918782957b8F6']",10
0xA95760f894309751cc81ccc63653424806D01DdF,"['0x4349E937b48F53b173B2814c22E3d6f921C075F5', '0x3F1EdD31906A0bC64EEFEB6F8Fac20EE6d806fBF', '0x2203DEfcFf8952136aE8db48B4D1795E6957E3a8', '0xA91D155819Ac318152b72CaE8969D10189964557', '0x9BF5b6F97d1DD6e5D027E8eA9511422cA3ceC54c', '0x92157e3ae934F797F1bc2CD7fc6D794Ad74596d7', '0x38EA1c63264272C3E91cce5d56eEF89dcB93703E']",7
0xB495573Cd2246e7cc7D6d2B37d779463295e5ab0,"['0xC9CB27e55E889d2D08A68B2467403fcCA5c7E67a', '0x5b76DB1DDcdC3238cF673047414Ef6F0DfE6667a', '0x4d67D1a4F35c1362ED6Be1876Dae11Abce33EE73']",3
0xC3cC5Fc2D2A28f40226bEb77DaccA6a6F73e6d31,"['0x793248B40477Ce96bf08aEAB3f9447c99B9c80E7', '0x4812C05326Eb13cB71e1Bad9fe85871A88c0DA07', '0xbE18ac521CEf654137Dfd33CeFF0dCF45ED86d06', '0x131E044f24f6CceE66337dC66482b041DB12dfbc', '0x4545fbE1f996B2954C02ba1471d8184Ef6f654Ad', '0xFA5Ca3a1543013B586BF16972E981DEbD238Bc16', '0x6cB7FC5e17c4b10EDECF41ca8C451417B280c205', '0xd535c585605965DdfcBAB2B959513ee56c663ea5', '0x5a8C07F48D53839581E8ca6C4C2775e0DE527393']",9
0xCE60E4afa51e74CAE7969D5Cf74Ab6c1772eFEa6,"['0x975A1eE8184365c8f6165Bbd1F32A2CDDDb0BAe5', '0xC859fC56A7004119CaEb8A482a3Ff64c291af321', '0xf69FF99997f250833f7ea246C76E76E99E2F097C', '0xD7bBAb9B84ea18F7d1171aE6093D6823AcF97cf6', '0x611e8D045D3630790A86B153B82D9DF3ce252886', '0x4A734d20b54cc28d7341e55b63Bd0dD5Bb61aF84', '0x6EDbbACaC67502A6bFDA33144AA5D9c2a441e664', '0xdb25A01E832fAe55403215607c1D02E3F2CBB7d1', '0x314eFBecB25c070eAB4785d6Ec643f26aC487066', '0x7eC96907369585DC892993A0ef2e1ac31B67969a', '0xA24a3F8908aEC6B87a3e48EBA8D6Ce6FfE48091B', '0x5d28F238F00ef531ff179e4a69e7036ab262c08e', '0x2e058CcDAA2C23D883E66429f4b303047da48996', '0xE7e68E794c50285f44674F358565776783370578', '0xF235d8478a5dCC2349cECCDE9d3a90aa3dDBE1f3', '0x1059FffD56f5F413E75388155E8DbF02Dd6Fd27e', '0xF47E496221Ce24d75d978e52F48E24bbb2dba777', '0xD7ddF0Dd0A84B7BE166d055585b8f8c1CD506879', '0x6B10784a92775f04a7E45cf1037E8e3779925711', '0x0485337263f52C4D8A9429Fa37f6094b17350bdB', '0x94f989ea8A937632189595E2f954C9f25F1f98d7', '0x6975676ddA0E622922aa0A926329fdFdB86de201', '0x174D3fC05b9620adE3E9d41e95c6b5A9df2F0730', '0xfD334FFB7eb6e68974bcbC6e446fd810511Be0ae', '0x443bbDB7305074922c3723d025169AE9AeCF284D', '0x9fb660B282fA2E74FCB6B5a18f9AFc94C2d7c47E', '0x8bC5D92ee6b7ed1AF20cA8813C5A13f1e558cE6F', '0x9CDc3b6BB62847ED3803724472Ed842856256812', '0xa0e1A1916dEB4d51FAEcF5a58631c5B0D1CA2590', '0xe281b65614Ca33a8384c24b6Fe3d06c6293A9Aef', '0x88Caa51B84C1E3a811c0000951B508c5B7a0f82e', '0xA1afDAbE32798c048636284d3AF01274Ac1171ba', '0x2E21b5d2d11A3A601b642540071ffaAb3990A89f', '0xC379fBf62E87B2A1C3338555F7738F7CFa4F717b', '0x21EA6611cEdB17b69a672fC6f024106470660FBF', '0x479b30F8Fd044F2514Cc866c13Da7e04e682af48', '0xEf7F068fc7E4b08A2FB2a76da845D76F50285634', '0x7c02C598f10D31C2b4F32164181B775d44d4F357', '0xE2eb40d3D753EED8DF77Ed9da80912c7C1c12b86', '0x905e8C12BA0821095f07776e6EFbA030b1961Aa0', '0x8D1C79BEE15e56d9f8E5b1B530a676eE3476328d']",41
0xE9F2E8a1e956051ffa6709109854739A9BE22d12,"['0x508C92C1FCE5a296De95a80eF27586FE5648E054', '0xB14049Ac6e846286d8E9653F8D96cE99D72579Ca', '0x03D84483eBce45d54C8f12aE0C758a30d23cf145', '0x144dC9A9B991e187F414D3523b8934d14657f8f1', '0xDb3f039abd59441a2936B05C58ce6D2999F344c1', '0x1461d7B3cBE093a651fD9e66aC9003C2ccAD2424', '0xC1909E60FFDA6A3c01488159E9371fCc72AC5c47', '0x1c0cCE9953EC6025036C8702e4465BB85E8A7517', '0xE75A444D6f6286D4AC79ba7914a10f67e5c111AB', '0x68E92b37e48429be257EE31E7b8854C23f2da351', '0xea87D8AfE3E00E7570a294bE8720a30A828e5A87', '0x45A7d5E64F1eF33f0C2198d687C4F29667601987', '0x6938443BA79EcaB316374c7619562c8Bc6CB9566']",13
0xEd6550C6C43c837E4793d459b60eD39134DF0641,"['0xE047ef858fCe70A610032FFbC4f12C231b29AFF4', '0x7b5Ea482f53a3ebdBCac9E6965801B6023dfeB46', '0x45d92c22C683236D92FE9a5c3e335e8BBAD4Ff9f', '0x7d445f9804D933D162Cd013A4844b9283d8e3e61', '0x09162225331d8f2A36CE6c5e9aB935d43491a6aF', '0x66E844c138cEBc441581cE5a71CC73BA5D6303B8', '0x03B1cd84Dd2EdF1442A6928EccFE5C2e039A792B', '0x0cc30aA6220D18A5EcB549CA72ea808181154A61']",8
0xF610e3A4eF3b19b9cF8Dc88E4Cc26B2f96EC1410,"['0xf89fe3a2ab52c7eBabB8f8F4d763f2Eeea5Fd5ce', '0x453198BE28eCB2C4121569dd5CC5C7086244DBC9']",2
0xF7Eaf1985D272F8335F01DEa6e69886EBC0Dd94F,"['0x5Cf5C44f734839a216276DD5936860fd73A7c5e2', '0xbCA6FC25c732502Fd97FBc4e74Ea31AB78288E4e', '0xC4b1D2516Fb06638c010ad81F328294732597021']",3
0xa3aa817587556C023e78B2285D381C68CEe17069,"['0x629e1E53355176aD356Db1011aB70Da6621bFCFb', '0xd85a565e80e6415b3b4c6A8Bd0E48502ADA121A9', '0x8b6b56c5F7b38a6F2032e29c3dc487d339b0aA46', '0x680Ee932b2e4708672CC84c1AF98469Ab39eA473', '0xFdC95fD031B46BF6f393EE161B699d90f65fA176']",5
0xa4157Dbac99F5CD4674A8A4d1fb916fB73cDEab2,"['0xFe3C067f8F925b4bF82162C646Df208E639305A5', '0x5EeD3a74852542c53EF093AE053f8605F675cC6B', '0xceD10F8e9E9c1EE8A05B762f7075D0Ce812aF331', '0xB9d6206c45Ad9f7911b2B82C4765C6073617fC75']",4
0xa66de5afa4DB434D5dc99bb671341Ed457269c6F,"['0x9954459C738Ab240eEaAe09FC3b4bfDB36704e61', '0x025EdE1E83992D27E4b5FdA07F0B8eA5E1517df5', '0x29FFBB4d1A5f4471e4403986674b053Df730DED6', '0x33810F448D18FE265773F57aF69645b08635c37c']",4
0xb8396b72763d87398a92141003d1753202D25E1e,"['0xF46786bE89ABadC596d0e72b8f18f03869951a7b', '0x43457aBa329Dc4880Ca3a103846bb58F4Df7FF91']",2
0xb9bdc2537C6F4B587A5C81A67e7e3a4e6dDDa189,"['0xF321d40dE83fF14E1C1aC22e19991E58858Be698', '0x5517A16b125c183156640Bc81FEE7DeD5007564e', '0xc63BA45E35Ad28c0A47dF27627cD3fB68D914C09', '0x1519c7e63Bf819210Bd01c6Ef304b07DF6cFB498', '0x7097ab5E6a52D7f32f403B2Ba056Ca13DB66122C', '0xdB9CcA451301c5CF457799E95bB81e20521636bF', '0xC376f5a547661c595Dd98178d9C8e0B2aFb94686', '0x5D302270793c954510664d0B65198bdc21135F90', '0x2dc1E2A2148705B3c149B4D312958Ce7dbb03b9c', '0xCad9feAa91260097f81552C37654Da388063b1e1', '0x18cdB7055568181592658CE31118D2C170Bf5877', '0x20b52cd694ffF2515CF47822E61a706E4ECb6948', '0xBa1F4F86dD87E838131B0dD989ae7b6D73da3A6a', '0x241DE9bB162E46d3488551996dB6Ada210d8d8cA', '0x37Db9A4e6786f73734Ab014cB8A1db3738EF1327', '0xDA148143379AE54e06d2429a5C80b19D4a9D6734']",16
0xbCdaDc6F004292Ce2b98d39d1187a2f766b94A37,"['0xcFb33Fd0125090a284e83761bCC6E1757912ae4F', '0x00F12e3473c5d92a67fFA9877EF7D1815945778e', '0xB5F8A0f5f01277251cAf555DEe8Dca5755d0859d', '0xfb2640d3fC7BF2B8c2fD22050Bf08cF6ebF76897', '0xe02efd10575B20A653e772968Be72fe57ad1a3C9', '0xA5b79F4e8dA9ff163f8B404B832a7A614a36500D', '0x6E9E04D715EDd0AdAde87a44fbBc582EF98df871', '0xD1D2C4E88d6a8ECea08cFe53aEabBc6c5d407E7f', '0x33d21a64e9D0De44F31c2302110dD2DB4E49b8a7', '0xf075f6F2977db97C1aFDe5585DF6B86161113489', '0x2bb010d388fD84887f8E7eE7Bf652d76B522de7f']",11
0xc1F6E0d0AB1e6d0e02ED8877349598D585F8657F,"['0x546E0A47B17DaA338df01566523776147FD2A4D6', '0xbeD018cEeA0A9B181ebF02F167bFBDf3c520c60a', '0x06E6a3CDF6cBa30a5A027Ce0540d3aB9eA1Abf44', '0xD3FC5A127b92606B0420654Ba68860c170bBba93', '0x0F6c51Bc7dD719D3C7685c93a6105b08A4C924d2', '0xDD027582CB541Ec738201cca8A9f969491428387', '0x615811FD937885873AB86B4f4978eeeE29E56a6C', '0x4f19d8895f4d08987c6887879137C97bCe0cC5D3']",8
0xcc517764D63fe79eA2207F47FedCD9fdE4CCA5F7,"['0xf168Ac8E52568592E75470b2007c1267B860DfBd', '0x5434434b46795e8E29ADAd8bd220F46958d732e0', '0x39e15180efe29cAe5E19fA229b5773d691805847', '0x18Fb0C069F47Ce7c3B4c623Ff6B57480dceB24C8', '0x2151fb4BB62AF87335403C3775E49552C9EC5535']",5
0xd070490B59F71deC05Ee038109F8Ba98e2456718,"['0x35b97DD7e51A401a20488d38500FFBd5C89a7601', '0x1E87576Dae6799b2D2B376Ee67b7Fed24AE28e31']",2
0xe6F6D3cd38e9BF1e118C8Fd1528D303d261BA4F7,"['0x04Ab8E6CE3602b7B4F1eF5f6e2Af6944dCbbb0Fd', '0x9530942b9FCD94ffEf569057593e6eB3704f303d', '0x9ae127E2B060F38f796135545199929C07ccdfB1', '0x6798Cb1f780aa7E70Ab5883317C0C47eDED6e632', '0x98F8846Fd7097cE3d6255A037fEd8e8f37A231Bb', '0xC76D615F03B5BCEEAa635B44C039352F2A88eAF0', '0x8b760432af7269ACc4730B54c293199aEaeeCc43']",7
0xe9FAc789C947f364f53C3BC28bB6E9e099526468,"['0x3C7D0106647a8AEDcA3Da59cEA2B3bB1284e8Ecf', '0x37013E7691e6a76E86d31a8f433af03f21093B3E', '0x1b9bd182e1342fbb1A4D2a495b911476d9641D16', '0x28FBcDc0c3778de57b412e344df06A1BE8159F92', '0x75864AdcDa1250C0FEB0866e01AB77E4425F896b', '0x87c75F8a69732bAd999CE1faB464526856215c77', '0x736c3BcB4d43d5CA77182786951377232D5C6Df1', '0x5e6CC114D2a9bF1701C8469EE3e86f629B158e1a']",8
0xfe2105E1317dFd6Ed3887BF7882977C03CFEbB7C,"['0x2a3d6FcfC0E712ec2F512053B5e78b373Dae9d4a', '0x58ef1855942baa397CCD099bA26bf70925796e3c', '0xE8a4F9ACdeF4e8625FF6Cd3019ae9f719D711AdA', '0x232caE3811aab3066fc7befbba18A331d8A07B5B', '0x519E4985A05DC909dC856CEC04eBD0f200D04B60', '0x2557c2e340aA3d7fC423106a2F04CE2467F0c42f']",6
