contract address,creator_EOA,block chain platform,created block,created time,attack block,attack time,attack tx,time gap,detection cost,Sender,Receiver,profit,phalcon_url,new attack
0x793248B40477Ce96bf08aEAB3f9447c99B9c80E7,0xC3cC5Fc2D2A28f40226bEb77DaccA6a6F73e6d31,BSC,35310907,2024/1/17 01:54:47,35310922,2024/1/17 01:55:32,0x57f71406d6edf769d67f6b464a57ab799e339ae66d8fd4ace4aa8d8b21a0f6bf,45s,350.0600435845554,,,,https://app.blocksec.com/explorer/tx/bsc/0x57f71406d6edf769d67f6b464a57ab799e339ae66d8fd4ace4aa8d8b21a0f6bf,,
0xc791799aF4E56689C982DA10AF5A77316533154a,0x8FE2e08e450e34Ee280d4F0c640568a79163bFE4,BSC,32055468,2023/9/25 16:20:58,32055685,2023/9/25 16:32:00,0xea45b3c4df8e048927309d4ef0a937e0e4a21bb5fa4563703bba15155f57fa76,11m 2s,478.0323271006346,887.49,-889.18,887.49,https://app.blocksec.com/explorer/tx/bsc/0xea45b3c4df8e048927309d4ef0a937e0e4a21bb5fa4563703bba15155f57fa76,TRUE
0x2B5A32D97219e78B6D4b1F52ac6130a58eF9952A,0x84f37F6cC75cCde5fE9bA99093824A11CfDc329D,BSC,33537384,2023/11/16 07:47:33,33537447,2023/11/16 07:50:42,0xf51e2c90b4d10f2653e63c58d36853fb1c5d045640d6ab1f32d4d1e0504347f3,3m 9s,315.832346778363,,-87.77,87.77,https://app.blocksec.com/explorer/tx/bsc/0xf51e2c90b4d10f2653e63c58d36853fb1c5d045640d6ab1f32d4d1e0504347f3,TRUE
,,BSC,,,33537489,2023/11/16 07:52:50,0x9e59e27e4ad89385c20f2fdd223d4d747ad2278379db8375c727d72b1dd1c20f,5m 17s,,87.77,,87.77,https://app.blocksec.com/explorer/tx/bsc/0x9e59e27e4ad89385c20f2fdd223d4d747ad2278379db8375c727d72b1dd1c20f,
0x6D7bdF6a6a02Cd718743BD2DC0612Cfc3335baaC,0x8FE2e08e450e34Ee280d4F0c640568a79163bFE4,BSC,34906691,2024/1/3 00:25:43,34907385,2024/1/3 01:00:25,0x20db4d4dc68aefd3cfa1bd0c31d5ec42a085526e7040e4fe7c53e8bbcbf8974b,34m 42s,587.1005992405117,3.53,-3.53,3.53,https://app.blocksec.com/explorer/tx/bsc/0x20db4d4dc68aefd3cfa1bd0c31d5ec42a085526e7040e4fe7c53e8bbcbf8974b,TRUE
0x04Ab8E6CE3602b7B4F1eF5f6e2Af6944dCbbb0Fd,0xe6F6D3cd38e9BF1e118C8Fd1528D303d261BA4F7,BSC,34899022,2024/1/2 18:01:43,,,,,503.88075437769294,,,,,,
0x761bb48906874816Eb057b7d965B4104929a1627,0x1261E03de453fDf2C8C9F10A4F1D4b3003700000,BSC,31256823,2023/8/28 20:37:17,,,,,247.3007311783731,,,,,,
0x4349E937b48F53b173B2814c22E3d6f921C075F5,0xA95760f894309751cc81ccc63653424806D01DdF,BSC,33770886,2023/11/24 11:07:05,33770899,2023/11/24 11:07:44,0xfeb2095f35d50d9c6e8061306a8228790708f79d76729bc30c8a98b98917070f,39s,740.5391152463853,,,,https://app.blocksec.com/explorer/tx/bsc/0xfeb2095f35d50d9c6e8061306a8228790708f79d76729bc30c8a98b98917070f,,
0x4812C05326Eb13cB71e1Bad9fe85871A88c0DA07,0xC3cC5Fc2D2A28f40226bEb77DaccA6a6F73e6d31,BSC,35310581,2024/1/17 01:38:28,35310585,2024/1/17 01:38:40,0x5446c63346733b7b26bc2415962dc7f19dca7d254dac4b937b3bd87f299218a7,12s,263.14644234627485,,,,https://app.blocksec.com/explorer/tx/bsc/0x5446c63346733b7b26bc2415962dc7f19dca7d254dac4b937b3bd87f299218a7,,
0x9530942b9FCD94ffEf569057593e6eB3704f303d,0xe6F6D3cd38e9BF1e118C8Fd1528D303d261BA4F7,BSC,34897546,2024/1/2 16:47:53, ,,,,330.58203360438347,,,,,,
0x9ae127E2B060F38f796135545199929C07ccdfB1,0xe6F6D3cd38e9BF1e118C8Fd1528D303d261BA4F7,BSC,34898072,2024/1/2 17:14:12,,,,,213.6420987099409,,,,,,
0xd7a7d90B63da1B4E7eF79cb36935D38aF0D6D0b4,0x829Fe73463cEAE6579973b8bcd1e018976040ec4,BSC,34083189,2023/12/5 08:05:36,34083189,2023/12/5 08:05:36,0x189a8dc1e0fea34fd7f5fa78c6e9bdf099a8d575ff5c557fa30d90c6acd0b29f,0s,694.5699846409261,1306.59,18135.66,19442.25,https://app.blocksec.com/explorer/tx/bsc/0x189a8dc1e0fea34fd7f5fa78c6e9bdf099a8d575ff5c557fa30d90c6acd0b29f,TRUE
0x0fe1983B8972630C866FE77aD873a66Ec598B685,0xcb733F075ae67A83A9C5f38A0864596E338A0106,BSC,34428583,2023/12/17 08:59:04,34428628,2023/12/17 09:01:19,0xfb14292a531411f852993e5a3ba4e7eb63ed548220267b9b3f4aacc5572d3a58,2m 15s,1449.6831139326096,725.35,0,725.35,https://app.blocksec.com/explorer/tx/bsc/0xfb14292a531411f852993e5a3ba4e7eb63ed548220267b9b3f4aacc5572d3a58,TRUE
0xC25979956D6f6AcFc3702C68DFf7a4d871Eee4aa,0x90c4C1aa895a086215765EC9639431309633B198,BSC,34402320,2023/12/16 10:39:42,34402344,2023/12/16 10:40:54,0x2fcee04e64e54f3dd9c15db9ae44e4cbdd57ab4c6f01941a3acf470dc60bfc16,1m 12s,1065.8863512165844,2230.48,1767,3997.48,https://app.blocksec.com/explorer/tx/bsc/0x2fcee04e64e54f3dd9c15db9ae44e4cbdd57ab4c6f01941a3acf470dc60bfc16,found on Defihacklabs
,,BSC,,,34402371,2023/12/16 10:42:15,0x0fc724f2a3a2cda252159194142500b0717a7fb55eaf752851976137aedd31d0,2m 33s,,60.29,0.34,60.63,https://app.blocksec.com/explorer/tx/bsc/0x0fc724f2a3a2cda252159194142500b0717a7fb55eaf752851976137aedd31d0,
0xbE18ac521CEf654137Dfd33CeFF0dCF45ED86d06,0xC3cC5Fc2D2A28f40226bEb77DaccA6a6F73e6d31,BSC,35311159,2024/1/17 02:07:23,35311171,2024/1/17 02:07:59,0x03db848086a400479b3be097ef94ebf93877dd70173e5d5c9adc2d95a7827a3a,36s,319.52898083254695,,,,https://app.blocksec.com/explorer/tx/bsc/0x03db848086a400479b3be097ef94ebf93877dd70173e5d5c9adc2d95a7827a3a,,
0x131E044f24f6CceE66337dC66482b041DB12dfbc,0xC3cC5Fc2D2A28f40226bEb77DaccA6a6F73e6d31,BSC,35311221,2024/1/17 02:10:29,35311233,2024/1/17 02:11:05,0x20f3036ee05253d3a84f76a0a651e116cba09182fad586bb05046e49899af420,36s,355.1865164451301,,,,https://app.blocksec.com/explorer/tx/bsc/0x20f3036ee05253d3a84f76a0a651e116cba09182fad586bb05046e49899af420,,
0x9375F77A0F50AbD29860D906ff3766B2D33C0721,0x27D8dfC26261b7B7732d1be9B3770f1f53fDd490,BSC,33744465,2023/11/23 13:01:39,33744796,2023/11/23 13:18:12,0x36488391c0cc2bf0c676295d59f758ff1ae14ec4a8b77a82279753f8bc220f66,16m 33s,524.5330524556339,91.09,87.24,178.32999999999998,https://app.blocksec.com/explorer/tx/bsc/0x36488391c0cc2bf0c676295d59f758ff1ae14ec4a8b77a82279753f8bc220f66,TRUE
0x4545fbE1f996B2954C02ba1471d8184Ef6f654Ad,0xC3cC5Fc2D2A28f40226bEb77DaccA6a6F73e6d31,BSC,35310434,2024/1/17 01:31:07,35310439,2024/1/17 01:31:22,0x6c633aa05921af786dd4ea1c3a9c6760d9291a93e9f0c1dc0b78428cd806c350,15s,238.55156780779362,,,,https://app.blocksec.com/explorer/tx/bsc/0x6c633aa05921af786dd4ea1c3a9c6760d9291a93e9f0c1dc0b78428cd806c350,,
0xcFe62E84c7A32D24e868eD1f293716F72e5BA4a4,0x857C4A4CbA604882e260210336Eb8101960f7B19,BSC,35367252,2024/1/19 00:59:56,35367259,2024/1/19 01:00:17,0x2442c2579020f2fc0d769dbb28c44690e31ec6c4e7b314f628286db86519438d,21s,374.5320263020694,,,,https://app.blocksec.com/explorer/tx/bsc/0x2442c2579020f2fc0d769dbb28c44690e31ec6c4e7b314f628286db86519438d,,
0x0Cf819BFF5fC76A6aaAC619327643521b490126B,0x1b059118A30A335C5E2B0F560a26898115E77684,BSC,31673374,2023/9/12 09:01:24,,,,,229.60755144059658,,,,,,
0x5Fbec498A1f15F439d95664516Be92E75e0CD8B3,0x6c742E4B3e2dfb56b692F0B36118af47D2A49cac,BSC,35008559,2024/1/6 13:28:28,,,,,725.4418969452381,,,,,,
0xf0edbf735D3C97fDa7066f2a33dB0a7ba3475c89,0x6c742E4B3e2dfb56b692F0B36118af47D2A49cac,,35006272,2024/1/6 11:34:06,,,,,496.39619716629386,,,,,,
0x2a3d6FcfC0E712ec2F512053B5e78b373Dae9d4a,0xfe2105E1317dFd6Ed3887BF7882977C03CFEbB7C,,32755347,2023/10/20 01:34:39,32755449,2023/10/20 01:39:49,0x9e9fbce41dc2d3a7d2ce3ac9f7f4ac6e824299f67ee4b7c724e44b3bf5fd253a,5m 10s,651.7128670588136,59.51,0.01,59.519999999999996,https://app.blocksec.com/explorer/tx/bsc/0x9e9fbce41dc2d3a7d2ce3ac9f7f4ac6e824299f67ee4b7c724e44b3bf5fd253a,TRUE
0xf168Ac8E52568592E75470b2007c1267B860DfBd,0xcc517764D63fe79eA2207F47FedCD9fdE4CCA5F7,,34272217,2023/12/11 21:59:27,,,,,1103.2626755461097,,,,,,
0x508C92C1FCE5a296De95a80eF27586FE5648E054,0xE9F2E8a1e956051ffa6709109854739A9BE22d12,,33020031,2023/10/29 06:55:09,,,,,1214.926415503025,,,,,
0x5cb0727FB77078AB7bFB8d1365F1f4F7b69eB7E5,0x84f37F6cC75cCde5fE9bA99093824A11CfDc329D,,33917738,2023/11/29 13:50:58,33917783,2023/11/29 13:53:13,0xcf97dc75807952a3f3d7b89fe45290f8b0e6516d8af26043990fca2b30b6ef79,2m 15s,548.6714605949819,,,,https://app.blocksec.com/explorer/tx/bsc/0xcf97dc75807952a3f3d7b89fe45290f8b0e6516d8af26043990fca2b30b6ef79,,
0x546E0A47B17DaA338df01566523776147FD2A4D6,0xc1F6E0d0AB1e6d0e02ED8877349598D585F8657F,,33740460,2023/11/23 09:38:11,,,,,116.92093653976917,,,,,,
0x61f902b26fBeAf023db4c6cFfE1265d9dFB25C50,0x8FE2e08e450e34Ee280d4F0c640568a79163bFE4,,34908364,2024/1/3 01:49:31,34908509,2024/1/3 01:56:46,0xe8f0407306590e9e2d6475fc263ae6810c08f99d025a59170290bded7a8978af,6m 15s,357.5607587918639,3.53,-3.53,3.53,https://app.blocksec.com/explorer/tx/bsc/0xe8f0407306590e9e2d6475fc263ae6810c08f99d025a59170290bded7a8978af,TRUE
0x9954459C738Ab240eEaAe09FC3b4bfDB36704e61,0xa66de5afa4DB434D5dc99bb671341Ed457269c6F,,32858218,2023/10/23 15:36:01,32858225,2023/10/23 15:36:22,0x74f85978bdf84a855e9dc19f1432f5b12db56dbd105b7103121095b1642d2ffa,21s,1608.6532521545887,0,-1.1,,https://app.blocksec.com/explorer/tx/bsc/0x74f85978bdf84a855e9dc19f1432f5b12db56dbd105b7103121095b1642d2ffa,TRUE
,,,,,32858286,2023/10/23 15:39:25,0x56d0908ac69ace567a7fa0342490134b7193b23272ac1243156f23779c54e388,3m 24s,,0.93,-0.93,0.93,https://app.blocksec.com/explorer/tx/bsc/0x56d0908ac69ace567a7fa0342490134b7193b23272ac1243156f23779c54e388,
0x3F1EdD31906A0bC64EEFEB6F8Fac20EE6d806fBF,0xA95760f894309751cc81ccc63653424806D01DdF,,33768367,2023/11/24 09:01:04,33768413,2023/11/24 09:03:22,0x1b3c11a2e9cb3f00976617fccc946da228565fd17f753f2de260857fa0ccd8f6,2m 18s,685.103725399822,,,,https://app.blocksec.com/explorer/tx/bsc/0x1b3c11a2e9cb3f00976617fccc946da228565fd17f753f2de260857fa0ccd8f6,
,,,,,33769122,2023/11/24 09:38:51,0xf1e3a881201309d3f35cf541f927f08c1ece0687afe0bcdb39394b7d1f072428,37m 47s,,,,,https://app.blocksec.com/explorer/tx/bsc/0xf1e3a881201309d3f35cf541f927f08c1ece0687afe0bcdb39394b7d1f072428,
0x6798Cb1f780aa7E70Ab5883317C0C47eDED6e632,0xe6F6D3cd38e9BF1e118C8Fd1528D303d261BA4F7,,34899527,2024/1/2 18:27:04,,,,,337.9461986422539,,,,,,
0x9343A59de9F7D961988f4b41438567CF8C1011dA,0x8FE2e08e450e34Ee280d4F0c640568a79163bFE4,,34914806,2024/1/3 07:12:14,34914953,2024/1/3 07:19:35,0xe118c1fa487cbe957dfbec24357838223f60326c9f28c49d5e916bc987b9e24d,7m 21s,404.4978312291205,3.6,-3.6,3.6,https://app.blocksec.com/explorer/tx/bsc/0xe118c1fa487cbe957dfbec24357838223f60326c9f28c49d5e916bc987b9e24d,TRUE
0x61B036E31376c88a9Ea78928952d84a96a5b03A0,0x57dB2E848c43d8A35eD233D6308c8EdE233f5b8c,,35382738,2024/1/19 13:56:08,,,,,2852.2406175918877,,,,,,
0xB14049Ac6e846286d8E9653F8D96cE99D72579Ca,0xE9F2E8a1e956051ffa6709109854739A9BE22d12,,32973048,2023/10/27 15:39:42,,,,,841.3560932539403,,,,,
0xE047ef858fCe70A610032FFbC4f12C231b29AFF4,0xEd6550C6C43c837E4793d459b60eD39134DF0641,,30069703,2023/7/18 11:51:32,,,,,476.3571920618415,,,,,,
0xC3c9406c40E176C7c80e78940Feaa2C762bF8987,0x8FE2e08e450e34Ee280d4F0c640568a79163bFE4,,34908023,2024/1/3 01:32:28,34908356,2024/1/3 01:49:07,0x6ced45b03916f83d4790c3e40ce3c065a3502138d5e926643da143c7e805c657,16m 39s,408.91200506314635,3.53,-3.53,3.53,https://app.blocksec.com/explorer/tx/bsc/0x6ced45b03916f83d4790c3e40ce3c065a3502138d5e926643da143c7e805c657,TRUE
0xcFb33Fd0125090a284e83761bCC6E1757912ae4F,0xbCdaDc6F004292Ce2b98d39d1187a2f766b94A37,,30506295,2023/8/2 16:45:47,,,,,1699.8017444349825,,,,,,
0xBFB8d0d681BBe8452FdeB28808D2135f2af58a0F,0x2E713D48f969172984e7D470e46366bB99D798E5,,31072266,2023/8/22 10:03:26,,,,,299.6962109543383,,,,,,
0xf6F60B0E83d9837C1F247C575C8583b1d085D351,0x84f37F6cC75cCde5fE9bA99093824A11CfDc329D,,33916687,2023/11/29 12:58:01,,,,,341.6855762079358,,,,,,
0xFA5Ca3a1543013B586BF16972E981DEbD238Bc16,0xC3cC5Fc2D2A28f40226bEb77DaccA6a6F73e6d31,,35311108,2024/1/17 02:04:50,35311117,2024/1/17 02:05:17,0xd96e99b334111d135756aa8d080b775708acb591a44dfdbc8c99704dff3e141c,27s,319.4136219844222,,,,https://app.blocksec.com/explorer/tx/bsc/0xd96e99b334111d135756aa8d080b775708acb591a44dfdbc8c99704dff3e141c,,
0xF821Cbb5246cBFa066bCeB0a9a6a9Fc0DEF1eEe5,0x9c66B0c68c144Ffe33E7084FE8cE36EBC44aD21e,,34203990,2023/12/9 13:01:29,34204121,2023/12/9 13:08:02,0xe2b097c8f08d2897337646b386a267c1f08244c643853b02461f114b7e89e882,6m 33s,261.84575959667563,-0.16,,,https://app.blocksec.com/explorer/tx/bsc/0xe2b097c8f08d2897337646b386a267c1f08244c643853b02461f114b7e89e882,,
0x975A1eE8184365c8f6165Bbd1F32A2CDDDb0BAe5,0xCE60E4afa51e74CAE7969D5Cf74Ab6c1772eFEa6,,35534411,2024/1/24 20:42:40,,,,,434.1963807940483,,,,,,
0x28C9FDd40141b06EbC1A96D338bF963979c919d7,0x1b059118A30A335C5E2B0F560a26898115E77684,,31674491,2023/9/12 09:57:17,,,,,301.88251638039947,,,,,,
0x98F8846Fd7097cE3d6255A037fEd8e8f37A231Bb,0xe6F6D3cd38e9BF1e118C8Fd1528D303d261BA4F7,,34898779,2024/1/2 17:49:33,,,,,284.8688141107559,,,,,,
0xa905FF8853eDc498a2aCDDFDFaC4a56C2C599930,0x7Ccf451D3c48C8bb747f42F29A0CdE4209FF863e,,32429592,2023/10/8 17:11:19,32429594,2023/10/8 17:11:25,0xbc88aa6057f9da6f88e28bc908baad111ae7545e69fb0c90fbdfd485c9e72192,6s,401.8003549799323,14026.76,-10.56,14026.76,https://app.blocksec.com/explorer/tx/bsc/0xbc88aa6057f9da6f88e28bc908baad111ae7545e69fb0c90fbdfd485c9e72192,TRUE
0xb25B06CE27D687760cC75333dc172eDD9873d51d,0x9c66B0c68c144Ffe33E7084FE8cE36EBC44aD21e,,34171820,2023/12/8 10:09:27,,,,,136.11345157772303,,,,,,
0x5E9D146e986754634b462ac71f5dcb89bD5553Ac,0x2E713D48f969172984e7D470e46366bB99D798E5,,31072473,2023/8/22 10:13:47,31072505,2023/8/22 10:15:23,0xabf21d816b563cac5aba54d6e8b4dcc21636137f5e641985561d755ab709e918,1m 36s,420.3933994732797,,,,https://app.blocksec.com/explorer/tx/bsc/0xabf21d816b563cac5aba54d6e8b4dcc21636137f5e641985561d755ab709e918,,
0xbeD018cEeA0A9B181ebF02F167bFBDf3c520c60a,0xc1F6E0d0AB1e6d0e02ED8877349598D585F8657F,,33725987,2023/11/22 21:30:47,,,,,124.4867045879364,,,,,,
0x45B25E151AAC4B39777AdfaA3ac1dC2aF4eB6D5f,0x57dB2E848c43d8A35eD233D6308c8EdE233f5b8c,,35382930,2024/1/19 14:05:44,,,,,2477.608565941453,,,,,,
0x6cB7FC5e17c4b10EDECF41ca8C451417B280c205,0xC3cC5Fc2D2A28f40226bEb77DaccA6a6F73e6d31,,35310353,2024/1/17 01:27:04,35310360,2024/1/17 01:27:25,0x9b3ba8df253ea00a565f0913ca4e10e456abb1faf9200edcdef6d86b5012cdbc,21s,188.82600251585245,,,,https://app.blocksec.com/explorer/tx/bsc/0x9b3ba8df253ea00a565f0913ca4e10e456abb1faf9200edcdef6d86b5012cdbc,,
0x06E6a3CDF6cBa30a5A027Ce0540d3aB9eA1Abf44,0xc1F6E0d0AB1e6d0e02ED8877349598D585F8657F,,33740526,2023/11/23 09:41:29,,,,,143.71187929809093,,,,,,
0x9E85Fb8B9dE341432cb1A5226b3796704291DdDc,0x6c742E4B3e2dfb56b692F0B36118af47D2A49cac,,35005580,2024/1/6 10:59:22,35005770,2024/1/6 11:08:58,0x047c77393d24e3325fd52e15805d24e747eb712e6408aa8040b3b79eb491e49b,9m 36s,905.851145170629,,,,https://app.blocksec.com/explorer/tx/bsc/0x047c77393d24e3325fd52e15805d24e747eb712e6408aa8040b3b79eb491e49b,,
0x35F38dae50F2804D683D87A574C375c621fC431f,0x9c66B0c68c144Ffe33E7084FE8cE36EBC44aD21e,,34202318,2023/12/9 11:37:23,34202671,2023/12/9 11:55:15,0x2a2367b3e950819ffbc3101ce143f5d9bdfe351f93d1add151ae1f0d3ba634db,17m 52s,260.4765182547271,-0.16,,,https://app.blocksec.com/explorer/tx/bsc/0x2a2367b3e950819ffbc3101ce143f5d9bdfe351f93d1add151ae1f0d3ba634db,
,,,,,34203104,2023/12/9 12:16:57,0xff0cbe9a2d9df8bd24259fa94d97b78c88602afb4b0776950254e05c766ac5bc,39m 34s,,,,,https://app.blocksec.com/explorer/tx/bsc/0xff0cbe9a2d9df8bd24259fa94d97b78c88602afb4b0776950254e05c766ac5bc,
0xeCf39E7f80CF83e2D6F0e41DCfa22241AD52B94C,0x8FE2e08e450e34Ee280d4F0c640568a79163bFE4,,34887439,2024/1/2 08:22:08,34887534,2024/1/2 08:26:53,0x3ea13da9f15351bef3d4ac09ace690af8871d6dca85d75f0adac1b4197baacc5,4m 45s,361.78256794065237,3.55,-3.55,3.55,https://app.blocksec.com/explorer/tx/bsc/0x3ea13da9f15351bef3d4ac09ace690af8871d6dca85d75f0adac1b4197baacc5,TRUE
0x025EdE1E83992D27E4b5FdA07F0B8eA5E1517df5,0xa66de5afa4DB434D5dc99bb671341Ed457269c6F,,32857690,2023/10/23 15:09:30,32857718,2023/10/23 15:10:54,0x5061f5152ae06061a71129a11d9cce87df048ffc6cf82e3236ef96321b3f6f45,1m 24s,969.3612984903157,"-0.1
0.1",,,https://app.blocksec.com/explorer/tx/bsc/0x5061f5152ae06061a71129a11d9cce87df048ffc6cf82e3236ef96321b3f6f45,,
0x7b5Ea482f53a3ebdBCac9E6965801B6023dfeB46,0xEd6550C6C43c837E4793d459b60eD39134DF0641,,30557282,2023/8/4 11:24:31,,,,,584.5880219191313,,,,,,
0xC859fC56A7004119CaEb8A482a3Ff64c291af321,0xCE60E4afa51e74CAE7969D5Cf74Ab6c1772eFEa6,,35534960,2024/1/24 21:10:10,,,,,316.4299272559583,,,,,,
0xF8AaCE4Db3e1Df6a940E4B1f75055f01Fd1a57D8,0x2E713D48f969172984e7D470e46366bB99D798E5,,31070971,2023/8/22 08:57:18,,,,,336.6581901758909,,,,,,
0xF321d40dE83fF14E1C1aC22e19991E58858Be698,0xb9bdc2537C6F4B587A5C81A67e7e3a4e6dDDa189,,33525790,2023/11/15 22:06:22,,,,,937.5553553290665,,,,,,
0x9465dEF3c7C9060dB14684CE14BfA136765C346B,0x7B6690C97F70B3C49F5Ac10193862D7ba3d880A0,,34034391,2023/12/3 15:18:56,34035882,2023/12/3 16:33:51,0x26e272bc068b85c51c9339932f00ae21c8ababa6d964d5014974c9e7c94e0ddb,74m 55s,254.42538657039404,,0,,https://app.blocksec.com/explorer/tx/bsc/0x26e272bc068b85c51c9339932f00ae21c8ababa6d964d5014974c9e7c94e0ddb,
,,,,,34036057,2023/12/3 16:42:43,0x66a6088abec8e014368ad413567732f8c6f62fa0be58db9df0dad484c653449a,83m 47s,,,0,,https://app.blocksec.com/explorer/tx/bsc/0x66a6088abec8e014368ad413567732f8c6f62fa0be58db9df0dad484c653449a,
,,,,,34036296,2023/12/3 16:54:41,0xcb57cfe463f777e9ca11d241e533db724a6e9cf2342372c8d0801ceb8c150a6c,95m 44s,,,-9.97,,https://app.blocksec.com/explorer/tx/bsc/0xcb57cfe463f777e9ca11d241e533db724a6e9cf2342372c8d0801ceb8c150a6c,
0x58ef1855942baa397CCD099bA26bf70925796e3c,0xfe2105E1317dFd6Ed3887BF7882977C03CFEbB7C,,32752185,2023/10/19 22:56:27,32752250,2023/10/19 22:59:42,0x94e5a8c0ea22114f4e0bf9bf134f08faa5c5ce256d8d8291f72d5675f23e1341,3m 15s,1033.353904671967,87.84,,87.84,https://app.blocksec.com/explorer/tx/bsc/0x94e5a8c0ea22114f4e0bf9bf134f08faa5c5ce256d8d8291f72d5675f23e1341,TRUE
0x35b97DD7e51A401a20488d38500FFBd5C89a7601,0xd070490B59F71deC05Ee038109F8Ba98e2456718,,33593170,2023/11/18 06:26:34,33593170,2023/11/18 06:26:34,0x11f5b9354742d8e070bfa21f07a313dd791d061cdba8360cf2c8704b15d219ad,0s,381.123818282038,84.77,69.9,154.67000000000002,https://app.blocksec.com/explorer/tx/bsc/0x11f5b9354742d8e070bfa21f07a313dd791d061cdba8360cf2c8704b15d219ad,TRUE
0xd543DB348aEAa8d1ee2A248506fbd804653B162e,0x1b059118A30A335C5E2B0F560a26898115E77684,,31674528,2023/9/12 09:59:08,,,,,298.34592862799764,,,,,,
0xf08e535E2ac0520ee1F0e4135179bEFE15d0b5C2,0x2E713D48f969172984e7D470e46366bB99D798E5,,31070690,2023/8/22 08:43:03,,,,,331.59430564939976,,,,,,
0x5517A16b125c183156640Bc81FEE7DeD5007564e,0xb9bdc2537C6F4B587A5C81A67e7e3a4e6dDDa189,,33527968,2023/11/15 23:55:34,,,,,391.2702867165208,,,,,,
0xf69FF99997f250833f7ea246C76E76E99E2F097C,0xCE60E4afa51e74CAE7969D5Cf74Ab6c1772eFEa6,,35534893,2024/1/24 21:06:49,,,,,231.19064344465733,,,,,,
0xD3FC5A127b92606B0420654Ba68860c170bBba93,0xc1F6E0d0AB1e6d0e02ED8877349598D585F8657F,,33725276,2023/11/22 20:55:03,,,,,204.94008794799447,,,,,,
0x531Ac15E39c794c0c2FCCFBc9aF41Ea5b146BAc2,0x512Dd43eE0e1f664E99D10A218a7088cC6bd1B6E,,33181352,2023/11/3 22:01:10,33182461,2023/11/3 22:56:44,0x4c23be11a275572cd0c998816ec6a8fc699698176b69648fdba28eacfdf2df93,55m 34s,345.15580182522535,,,,https://app.blocksec.com/explorer/tx/bsc/0x4c23be11a275572cd0c998816ec6a8fc699698176b69648fdba28eacfdf2df93,,
0x84270612Bc53dCeEcE2E61ABd4B36ea0c29a2628,0x60247473d1248F94be9cCd11321780abF7382c30,,33881198,2023/11/28 07:18:40,33881218,2023/11/28 07:19:40,0x3a2f865a332e568ced1fc90c5752c246cf81288cbd6be9754abc375df2a82949,1m,458.8093639202416,,,,https://app.blocksec.com/explorer/tx/bsc/0x3a2f865a332e568ced1fc90c5752c246cf81288cbd6be9754abc375df2a82949,,
0xd7D05C91a7ebF4c0fc7bf223a3219F0623E3AEcC,0x374783BC2b5436D1517644261DB33d976ED4795D,,30123607,2023/7/20 08:52:56,,,,,403.9738670885563,,,,,,
0xc63BA45E35Ad28c0A47dF27627cD3fB68D914C09,0xb9bdc2537C6F4B587A5C81A67e7e3a4e6dDDa189,,33524333,2023/11/15 20:53:22,,,,,584.9372580833733,,,,,,
0x1E87576Dae6799b2D2B376Ee67b7Fed24AE28e31,0xd070490B59F71deC05Ee038109F8Ba98e2456718,,33571994,2023/11/17 12:43:45,,,,,390.45715656504035,,,,,,
0xf86d1Ee0eA04E1213F108230771CAa446f3bbe5B,0x1A496DA5e27F8f3B06d23aa09dd1d7f33dF8040a,,30294315,2023/7/26 07:33:39,,,,,476.9208438023925,,,,,,
0xD7bBAb9B84ea18F7d1171aE6093D6823AcF97cf6,0xCE60E4afa51e74CAE7969D5Cf74Ab6c1772eFEa6,,35534389,2024/1/24 20:41:34,,,,,379.1631009541452,,,,,,
0xE8a4F9ACdeF4e8625FF6Cd3019ae9f719D711AdA,0xfe2105E1317dFd6Ed3887BF7882977C03CFEbB7C,,32753891,2023/10/20 00:21:51,32753948,2023/10/20 00:24:42,0xbe7510a335b4087ac3cd40ac263f2a3c4f7c83d5c3e820fb75e2c61d9b2e9520,2m 51s,565.287338539958,301.09,0.1,301.19,https://app.blocksec.com/explorer/tx/bsc/0xbe7510a335b4087ac3cd40ac263f2a3c4f7c83d5c3e820fb75e2c61d9b2e9520,TRUE
0x5434434b46795e8E29ADAd8bd220F46958d732e0,0xcc517764D63fe79eA2207F47FedCD9fdE4CCA5F7,,34272153,2023/12/11 21:56:15,,,,,505.5047168210149,,,,,,
0x03D84483eBce45d54C8f12aE0C758a30d23cf145,0xE9F2E8a1e956051ffa6709109854739A9BE22d12,,32992376,2023/10/28 07:47:49,,,,,667.7937002107501,,,,,
0xf89fe3a2ab52c7eBabB8f8F4d763f2Eeea5Fd5ce,0xF610e3A4eF3b19b9cF8Dc88E4Cc26B2f96EC1410,,33146787,2023/11/2 17:04:36,33146969,2023/11/2 17:13:42,0xcb15f397265f1b3ff25000d6dad12e5efa61eb3f180cf4080988ed5eb5ace871,9m 6s,13482.522096719593,,,,https://app.blocksec.com/explorer/tx/bsc/0xcb15f397265f1b3ff25000d6dad12e5efa61eb3f180cf4080988ed5eb5ace871,,
0x39e15180efe29cAe5E19fA229b5773d691805847,0xcc517764D63fe79eA2207F47FedCD9fdE4CCA5F7,,34273004,2023/12/11 22:38:48,,,,,591.8349537178874,,,,,,
0xC76D615F03B5BCEEAa635B44C039352F2A88eAF0,0xe6F6D3cd38e9BF1e118C8Fd1528D303d261BA4F7,,34899823,2024/1/2 18:41:54,,,,,333.9902372173965,,,,,,
0x611e8D045D3630790A86B153B82D9DF3ce252886,0xCE60E4afa51e74CAE7969D5Cf74Ab6c1772eFEa6,,35534657,2024/1/24 20:54:58,,,,,352.6901298761368,,,,,,
0x2203DEfcFf8952136aE8db48B4D1795E6957E3a8,0xA95760f894309751cc81ccc63653424806D01DdF,,33534563,2023/11/16 05:26:21,33534618,2023/11/16 05:29:06,0x86b923847ae03e0a5e71ad3d8e34f0c7068a0fa453c8b868b78e178fb7d51ebe,2m 45s,9822.580346934497,,,,https://app.blocksec.com/explorer/tx/bsc/0x86b923847ae03e0a5e71ad3d8e34f0c7068a0fa453c8b868b78e178fb7d51ebe,,
0x7fF45abe74C74448751524DcD1Eb3979c1ED5ecB,0x6c742E4B3e2dfb56b692F0B36118af47D2A49cac,,35006691,2024/1/6 11:55:03,,,,,930.1285086162388,,,,,,
0xA47b9f87173edA364c821234158dDA47B03AC217,0xD227dC77561b58C5a2d2644Ac0173152A1a5Dc3D,,34847554,2023/12/31 23:01:05,34847596,2023/12/31 23:03:11,0xcf729a9392b0960cd315d7d49f53640f000ca6b8a0bd91866af5821fdf36afc5,2m 6s,501.92318661138415,"1285.25 + 3,131.97",-3.57,4417.22,https://app.blocksec.com/explorer/tx/bsc/0xcf729a9392b0960cd315d7d49f53640f000ca6b8a0bd91866af5821fdf36afc5,TRUE
0x42c0a542CCdbD3b5Cb575b536b7bba9Ed89c89F0,0x9c66B0c68c144Ffe33E7084FE8cE36EBC44aD21e,,34192470,2023/12/9 03:23:51,34193041,2023/12/9 03:52:35,0x02c15bcbfcb012fa15196dc2e9270d07b2f636ea993e106a7c13d251afffb5c3,28m 44s,209.60944344848394,,,,https://app.blocksec.com/explorer/tx/bsc/0x02c15bcbfcb012fa15196dc2e9270d07b2f636ea993e106a7c13d251afffb5c3,
,,,,,34195696,2023/12/9 06:05:37,0xc1341f2b7f3c0d21e12b5d556c795df5a3d756559196a4e27cd948a2fe5704ed,2h 41m 46s,,,0,,https://app.blocksec.com/explorer/tx/bsc/0xc1341f2b7f3c0d21e12b5d556c795df5a3d756559196a4e27cd948a2fe5704ed,
0xF13c852F9F9BEF6d53490457b492E86bC0aD9136,0x27D8dfC26261b7B7732d1be9B3770f1f53fDd490,,33762288,2023/11/24 03:56:33,33762363,2023/11/24 04:00:18,0x212f7c8a93cad8426a35cacc6650a42ae5eafc41b212d56c9dcaf89aba3b010f,3m 45s,222.43691409751773,,10.92,10.92,https://app.blocksec.com/explorer/tx/bsc/0x212f7c8a93cad8426a35cacc6650a42ae5eafc41b212d56c9dcaf89aba3b010f,TRUE
,,,,,33763862,2023/11/24 05:15:23,0x4cabe0c3eecef6ce6411ad1c6da651962a92d8273f9e6f93608bee9324588f43,78m 50s,,,7.35,7.35,https://app.blocksec.com/explorer/tx/bsc/0x4cabe0c3eecef6ce6411ad1c6da651962a92d8273f9e6f93608bee9324588f43,
,,,,,33827550,2023/11/26 10:30:44,0x852192ed85ded7556ed3a9b2f096506a8c9574b72f65f45bcb0bdd7df1f1887d,2d 6h 34m 11s,,44.28,106.51,150.79000000000002,https://app.blocksec.com/explorer/tx/bsc/0x852192ed85ded7556ed3a9b2f096506a8c9574b72f65f45bcb0bdd7df1f1887d,
0x18Fb0C069F47Ce7c3B4c623Ff6B57480dceB24C8,0xcc517764D63fe79eA2207F47FedCD9fdE4CCA5F7,,34272744,2023/12/11 22:25:48,,,,,836.6749632582068,,,,,,
0x362031572fE09262B1b00c2a7287229A305Ea8B3,0x374783BC2b5436D1517644261DB33d976ED4795D,,30122836,2023/7/20 08:14:18, ,,,,369.88656102865934,,,,,,
0x00F12e3473c5d92a67fFA9877EF7D1815945778e,0xbCdaDc6F004292Ce2b98d39d1187a2f766b94A37,,30505514,2023/8/2 16:06:29,30505540,2023/8/2 16:07:47,0x6f9b7cd34e7cb5e7c68413cbed5dcd0c161b6543efc8ac39a39ffd29a6569e71,1m 18s,848.4344170764089,,,,https://app.blocksec.com/explorer/tx/bsc/0x6f9b7cd34e7cb5e7c68413cbed5dcd0c161b6543efc8ac39a39ffd29a6569e71,,
0xe9616ff20ad519Bce0e3D61353a37232F0c27A50,0x9c66B0c68c144Ffe33E7084FE8cE36EBC44aD21e,,34204402,2023/12/9 13:22:05,34204513,2023/12/9 13:27:38,0xd4c19d575ea5b3a415cc288ce09942299ca3a3b49ef9718cda17e4033dd4c250,5m 33s,424.80485890060663,-0.16,,,https://app.blocksec.com/explorer/tx/bsc/0xd4c19d575ea5b3a415cc288ce09942299ca3a3b49ef9718cda17e4033dd4c250,TRUE
,,,,,34204710,2023/12/9 13:37:29,0xdae0b85e01670e6b6b317657a72fb560fc388664cf8bfdd9e1b0ae88e0679103,15m 24s,,2442.59,,2442.59,https://app.blocksec.com/explorer/tx/bsc/0xdae0b85e01670e6b6b317657a72fb560fc388664cf8bfdd9e1b0ae88e0679103,
0x1519c7e63Bf819210Bd01c6Ef304b07DF6cFB498,0xb9bdc2537C6F4B587A5C81A67e7e3a4e6dDDa189,,33525986,2023/11/15 22:16:10,,,,,767.6500462405384,,,,,,
0x144dC9A9B991e187F414D3523b8934d14657f8f1,0xE9F2E8a1e956051ffa6709109854739A9BE22d12,,33380066,2023/11/10 20:11:29,33380123,2023/11/10 20:14:20,0x0874f5808444f6f030e60d768f4dd6b5b815cefdac17a6930038f17f679d4aa1,2m 51s,1409.8839572779834,738.86,0,738.86,https://app.blocksec.com/explorer/tx/bsc/0x0874f5808444f6f030e60d768f4dd6b5b815cefdac17a6930038f17f679d4aa1,
0xA91D155819Ac318152b72CaE8969D10189964557,0xA95760f894309751cc81ccc63653424806D01DdF,,33535088,2023/11/16 05:52:37,33535099,2023/11/16 05:53:10,0x9a7581bcb690438bd848df61694b4e0142f160c9f23dfce8490a78679c9c9d16,33s,2885.0781354941428,,,,https://app.blocksec.com/explorer/tx/bsc/0x9a7581bcb690438bd848df61694b4e0142f160c9f23dfce8490a78679c9c9d16,,
0x7097ab5E6a52D7f32f403B2Ba056Ca13DB66122C,0xb9bdc2537C6F4B587A5C81A67e7e3a4e6dDDa189,,33528749,2023/11/16 00:34:49,,,,,380.92157600447536,,,,,,
0x778C1F0a65d236Fe2357EFaEcdDfB1689c2158ee,0x3A10408fD7A2b2A43bD14A17c0d4568430B93132,,30043557,2023/7/17 13:59:28,30043629,2023/7/17 14:03:04,0xecc9eee887d9a25cd39d05090894173a8f1493e2c2f98cad1be30d90a65e0c0b,3m 36s,758.9226881228387,,,,https://app.blocksec.com/explorer/tx/bsc/0xecc9eee887d9a25cd39d05090894173a8f1493e2c2f98cad1be30d90a65e0c0b,,
0x8b760432af7269ACc4730B54c293199aEaeeCc43,0xe6F6D3cd38e9BF1e118C8Fd1528D303d261BA4F7,,34899205,2024/1/2 18:10:54,,,,,376.61495323851705,,,,,,
0x97D830aEdE86e33D9BedB5710AeF60309e8C8B9C,0x1b059118A30A335C5E2B0F560a26898115E77684,,31674444,2023/9/12 09:54:56,31674570,2023/9/12 10:01:14,0x4b95b8c6253773f30feded2d13197cb48dcd77d5446998c0b1763547e8d18695,6m 18s,343.7024651989341,,,,https://app.blocksec.com/explorer/tx/bsc/0x4b95b8c6253773f30feded2d13197cb48dcd77d5446998c0b1763547e8d18695,,
0xA275FdAF08a7Fe7Ff3A0832592F281372B661Eb2,0x9d44f1a37044500064111010632a8A59003701c8,,34017055,2023/12/3 00:51:09,,,,,707.3059390820563,,,,,,
0x4A734d20b54cc28d7341e55b63Bd0dD5Bb61aF84,0xCE60E4afa51e74CAE7969D5Cf74Ab6c1772eFEa6,,35534242,2024/1/24 20:34:13,,,,,317.7537222057581,,,,,,
0xdFAB027d59737f231C63D9C21a0F85491cE7D43f,0x9c66B0c68c144Ffe33E7084FE8cE36EBC44aD21e,,34196144,2023/12/9 06:28:02,34196480,2023/12/9 06:44:54,0xd64384b7d492a70e858ec84f250d4e380f68892c22dc673be263b5d363c0736b,16m 52s,231.4823630861938,20.27,0,20.27,https://app.blocksec.com/explorer/tx/bsc/0xd64384b7d492a70e858ec84f250d4e380f68892c22dc673be263b5d363c0736b,TRUE
,,,,,34196637,2023/12/9 06:52:45,0x412efffaa6ac4197cba0a628da769653af1ed60f6b6aa10c39d9d04b3c914114,24m 43s,,311.31,,311.31,https://app.blocksec.com/explorer/tx/bsc/0x412efffaa6ac4197cba0a628da769653af1ed60f6b6aa10c39d9d04b3c914114,
0xf723aB1fb5B85B4245145F99c4B18604b1F9e7ab,0xfd8566d3609889421E12C246237eB092189856A7,,31180933,2023/8/26 04:55:41,31180996,2023/8/26 04:58:50,0x07c4b5e4ca953d2b7279af6256a2948cb1c752be2e364441cc5d1db245251c66,3m 9s,838.9173720218241,,,,https://app.blocksec.com/explorer/tx/bsc/0x07c4b5e4ca953d2b7279af6256a2948cb1c752be2e364441cc5d1db245251c66,,
0xE0C27B99D22b5eebFCd9edAc5dA5c020EED39057,0x19C7849d10333188678FaD560d2436CeC11071A6,,33916688,2023/11/29 12:58:04,33916688,2023/11/29 12:58:04,0x32f2b6f2f02f139166de44727bbe48ca1321f125869f813fc57b07adb12e2b84,0s,302.20566380769014,,4449.51,4449.51,https://app.blocksec.com/explorer/tx/bsc/0x32f2b6f2f02f139166de44727bbe48ca1321f125869f813fc57b07adb12e2b84,found on Defihacklabs
,,,,,33916696,2023/11/29 12:58:28,0x0a805cb283f6b1942c3cf82bdb7e4f247fdc8d73bacb6119d043d7c94115c171,24s,,,68.11,68.11,https://app.blocksec.com/explorer/tx/bsc/0x0a805cb283f6b1942c3cf82bdb7e4f247fdc8d73bacb6119d043d7c94115c171,
,,,,,33916698,2023/11/29 12:58:34,0x9aaae2403c8f938e92d2ed1616b202f6733534b956f6fe622bfb63764b703dc5,30s,,4517.62,-4517.62,4517.62,,
0x2ac03375C7a3A3A58aA0A80ca82f3F777015C828,0x374783BC2b5436D1517644261DB33d976ED4795D,,30180277,2023/7/22 08:14:09,,,,,695.7367249689996,,,,,,
0x804A1af0d7338046ffeb8E9DDC553883E087a9cb,0x9c66B0c68c144Ffe33E7084FE8cE36EBC44aD21e,,34196967,2023/12/9 07:09:16,34197241,2023/12/9 07:22:59,0x8d992e12a150c06fc6eace4f0937655b77b2865dafb0fc60dea5386b9caf879b,13m 43s,165.56782191619277,,0.02,0.02,https://app.blocksec.com/explorer/tx/bsc/0x8d992e12a150c06fc6eace4f0937655b77b2865dafb0fc60dea5386b9caf879b,TRUE
,,,,,34197546,2023/12/9 07:38:14,0x56c08750907cf1081c4c5f6a812d01e37276e07253fd641a520bb1464faf734c,28m 58s,,,,0,https://app.blocksec.com/explorer/tx/bsc/0x56c08750907cf1081c4c5f6a812d01e37276e07253fd641a520bb1464faf734c,
0xDb3f039abd59441a2936B05C58ce6D2999F344c1,0xE9F2E8a1e956051ffa6709109854739A9BE22d12,,32967081,2023/10/27 10:40:36,32967112,2023/10/27 10:42:09,0x964868a62c66581881cd190d8b86cefd72755521cbafe8be5a42c05fd47abc91,1m 33s,1030.1129795312881,-67.67,63.91,,https://app.blocksec.com/explorer/tx/bsc/0x964868a62c66581881cd190d8b86cefd72755521cbafe8be5a42c05fd47abc91,
,,,,,32967130,2023/10/27 10:43:03,0xf1b812220524aeeed510d728c26eb7419a17abd16d5f6020824c56d152786254,2m 27s,,38.8,-38.8,38.8,https://app.blocksec.com/explorer/tx/bsc/0xf1b812220524aeeed510d728c26eb7419a17abd16d5f6020824c56d152786254,
,,,,,32967135,2023/10/27 10:43:18,0xaf08b22ddde027ee4e3d4ce2432fe34ab448478411fbed8df49a8bcd4d38a549,2m 42s,,25.33,-25.33,25.33,https://app.blocksec.com/explorer/tx/bsc/0xaf08b22ddde027ee4e3d4ce2432fe34ab448478411fbed8df49a8bcd4d38a549,
0x9BF5b6F97d1DD6e5D027E8eA9511422cA3ceC54c,0xA95760f894309751cc81ccc63653424806D01DdF,,33522593,2023/11/15 19:26:04,,,,,2349.6190936639905,,,,,,
0xe5cFD9125c8e6cC26eC20C7dd747e8C4d2C2C6DF,0x2AF9cB19828b542B3371E9018fceEA77A197337e,,33625063,2023/11/19 09:07:17,33625089,2023/11/19 09:08:35,0x7b90118256ec5d9e58b56879bf7770613ddbbc69bc1b15ecbfdc5b0474a109c3,1m 18s,1047.625006403774,7.49,,7.49,https://app.blocksec.com/explorer/tx/bsc/0x7b90118256ec5d9e58b56879bf7770613ddbbc69bc1b15ecbfdc5b0474a109c3,TRUE
0x07e536F23a197F6FB76F42aD01ac2Bcdc3BF738E,0x20395D8e8a11CFD2541b942aFdb810b7dcc64681,,34804419,2023/12/30 11:00:57,,,,,341.75173730030656,,,,,
0x45aA258AD08eeeb841c1C02eCA7658f9Dd4779C0,0x10703f7114dCE7bEAF8D23cDE4bf72130bB0F56a,,30072288,2023/7/18 14:01:19,30072294,2023/7/18 14:01:37,0x8d35dfd9968ce61fb969ffe8dcc29eeeae864e466d2cb0b7d26ce63644691994,18s,1938.4988191910088,,7127.13,7127.13,https://app.blocksec.com/explorer/tx/bsc/0x8d35dfd9968ce61fb969ffe8dcc29eeeae864e466d2cb0b7d26ce63644691994,found on Defihacklabs
,,,,,30072301,2023/7/18 14:01:58,0x9f2a9504354bcc2a2b2916e26137b8e392d3ef609f64918c77a0e04dd1734015,39s,,7127.13,-7127.13,7127.13,https://app.blocksec.com/explorer/tx/bsc/0x9f2a9504354bcc2a2b2916e26137b8e392d3ef609f64918c77a0e04dd1734015,
0xdB9CcA451301c5CF457799E95bB81e20521636bF,0xb9bdc2537C6F4B587A5C81A67e7e3a4e6dDDa189,,33526065,2023/11/15 22:20:12,,,,,579.3858707286417,,,,,,
0x1461d7B3cBE093a651fD9e66aC9003C2ccAD2424,0xE9F2E8a1e956051ffa6709109854739A9BE22d12,,33019920,2023/10/29 06:49:35,,,,,695.7876123487949,,,,,
0x629e1E53355176aD356Db1011aB70Da6621bFCFb,0xa3aa817587556C023e78B2285D381C68CEe17069,,33049433,2023/10/30 07:33:00,33049448,2023/10/30 07:33:45,0xc94b919d7db16a1c0f9625f87bdb8ccae95b92c6d33d29472f454cae935e421b,45s,7454.228848129511,,,,https://app.blocksec.com/explorer/tx/bsc/0xc94b919d7db16a1c0f9625f87bdb8ccae95b92c6d33d29472f454cae935e421b,
,,,,,33049457,2023/10/30 07:34:12,0x329b704b3c6b2cd144c2f47e9d6b5178b5ce78fa7421f94809a9cae5df84c27f,1m 12s,,,,0,https://app.blocksec.com/explorer/tx/bsc/0x329b704b3c6b2cd144c2f47e9d6b5178b5ce78fa7421f94809a9cae5df84c27f,
,,,,,33363723,2023/11/10 06:30:35,0x43b1705fd754808c1bbf8595efdf93db3639c68de5418a79a0a523fc69c848cc,10d 22h 57m 35s,,,,,https://app.blocksec.com/explorer/tx/bsc/0x43b1705fd754808c1bbf8595efdf93db3639c68de5418a79a0a523fc69c848cc,
0x9b6251b58042d774BB308de952edcE675018F320,0x83d71C82e8D5e470Fa36aca31a2f82D287f865D9,,33593099,2023/11/18 06:22:58,,,,,100.82147100567818,,,,,,
0xC376f5a547661c595Dd98178d9C8e0B2aFb94686,0xb9bdc2537C6F4B587A5C81A67e7e3a4e6dDDa189,,33528410,2023/11/16 00:17:47,,,,,88.44768681004643,,,,,,
0x0F6c51Bc7dD719D3C7685c93a6105b08A4C924d2,0xc1F6E0d0AB1e6d0e02ED8877349598D585F8657F,,33725147,2023/11/22 20:48:30,,,,,270.11998235061765,,,,,,
0x22cF3BbE32173650D143217d85986cd86e3c9366,0x9c66B0c68c144Ffe33E7084FE8cE36EBC44aD21e,,34199594,2023/12/9 09:20:54,34200024,2023/12/9 09:42:27,0x1a5c4069a6f12d8460eafb8cac77838ee551d3d324bc64dbcd5996a58fad4929,21m 33s,91.34189482405782,-0.16,,,https://app.blocksec.com/explorer/tx/bsc/0x1a5c4069a6f12d8460eafb8cac77838ee551d3d324bc64dbcd5996a58fad4929,,
0x1F225E882C213D8B148Af91F7d5ABc03ed063700,0x7B6690C97F70B3C49F5Ac10193862D7ba3d880A0,,34037378,2023/12/3 17:48:52,34038478,2023/12/3 18:43:53,0xad1a29fcd59f93fbaa4ea59e961bce598fc7524f8fbb87cbc695a29d057830e6,55m 1s,52.915555723011494,,-10,,https://app.blocksec.com/explorer/tx/bsc/0xad1a29fcd59f93fbaa4ea59e961bce598fc7524f8fbb87cbc695a29d057830e6,
,,,,,34038497,2023/12/3 18:44:50,0xb5a8ae05753ac24124be78bdfcad874d891648d6fceb8feeab7b5cb86a0c0d04,55m 58s,,,,0,https://app.blocksec.com/explorer/tx/bsc/0xb5a8ae05753ac24124be78bdfcad874d891648d6fceb8feeab7b5cb86a0c0d04,
0x5D302270793c954510664d0B65198bdc21135F90,0xb9bdc2537C6F4B587A5C81A67e7e3a4e6dDDa189,,33528725,2023/11/16 00:33:37,,,,,464.4623936265707,,,,,,
0x6EDbbACaC67502A6bFDA33144AA5D9c2a441e664,0xCE60E4afa51e74CAE7969D5Cf74Ab6c1772eFEa6,,35534447,2024/1/24 20:44:28,,,,,239.53724678233266,,,,,,
0x61E0235E452EFfCd991874861b6fc28091dA9DF8,0x20395D8e8a11CFD2541b942aFdb810b7dcc64681,,34802786,2023/12/30 09:39:08,,,,,330.40072640404105,,,,,
0x2dc1E2A2148705B3c149B4D312958Ce7dbb03b9c,0xb9bdc2537C6F4B587A5C81A67e7e3a4e6dDDa189,,33528539,2023/11/16 00:24:14,,,,,177.06611939519644,,,,,,
0x45d92c22C683236D92FE9a5c3e335e8BBAD4Ff9f,0xEd6550C6C43c837E4793d459b60eD39134DF0641,,30100875,2023/7/19 13:53:58,,,,,412.8793896622956,,,,,,
0xdb25A01E832fAe55403215607c1D02E3F2CBB7d1,0xCE60E4afa51e74CAE7969D5Cf74Ab6c1772eFEa6,,35535095,2024/1/24 21:16:55,,,,,275.8276111856103,,,,,,
0xF46786bE89ABadC596d0e72b8f18f03869951a7b,0xb8396b72763d87398a92141003d1753202D25E1e,,31180935,2023/8/26 04:55:47,31180935,2023/8/26 04:55:47,0x270747bf0d3c8dd2c65ab0cb4f69006ea37b00e7ceb329acaafae375d3262c1e,0s,606.6794148124754,,,,https://app.blocksec.com/explorer/tx/bsc/0x270747bf0d3c8dd2c65ab0cb4f69006ea37b00e7ceb329acaafae375d3262c1e,,
0x92157e3ae934F797F1bc2CD7fc6D794Ad74596d7,0xA95760f894309751cc81ccc63653424806D01DdF,,33591461,2023/11/18 05:00:45,33591641,2023/11/18 05:09:45,0x21b22a9cc30fd3b0f94ee83707727e9a3ed046f339a614ec68c745711a5ca9fc,9m,503.06112000346184,,,,https://app.blocksec.com/explorer/tx/bsc/0x21b22a9cc30fd3b0f94ee83707727e9a3ed046f339a614ec68c745711a5ca9fc,,
0xd461BB4790Df2A96CC6680eB058d0b9a594c01C2,0xEe891F78c5fcc7e528788b6Eb34057D557Cf4FCa,,33604204,2023/11/18 15:39:11,33604270,2023/11/18 15:42:29,0x663693ed50c777d796ed70d9b8b1659987c95b011da81d3226470c1dfba29eb2,3m 18s,333.84398463740945,,121.73,121.73,https://app.blocksec.com/explorer/tx/bsc/0x663693ed50c777d796ed70d9b8b1659987c95b011da81d3226470c1dfba29eb2,TRUE
,,,,,33605589,2023/11/18 16:48:47,0x5118d2de4634cd4a6f9ba9d6f70857b2d7ba2b8b87c6b803ed284df92378de10,1h 9m 36s,,132.38,105.05,237.43,https://app.blocksec.com/explorer/tx/bsc/0x5118d2de4634cd4a6f9ba9d6f70857b2d7ba2b8b87c6b803ed284df92378de10,
,,,,,33605768,2023/11/18 16:57:47,0xaaadcab9ad8c2895e562d07586f71d2c2fdb83fdc9df8f76c4ca0ad873accb52,1h 18m 36s,,189.18,117.69,306.87,https://app.blocksec.com/explorer/tx/bsc/0xaaadcab9ad8c2895e562d07586f71d2c2fdb83fdc9df8f76c4ca0ad873accb52,
0x69ED5B59D977695650eC4B29E61c0Faa8cc0ed5C,0x84f37F6cC75cCde5fE9bA99093824A11CfDc329D,,31108361,2023/8/23 16:17:22,,,,,1192.4962784722447,,,,,,
0xDBC6db993120C1e15e2C16593DC5f87014036684,0xc5001F60DB92aFcC23177A6c6B440A4226cb58Bf,,31129386,2023/8/24 09:51:00,31129399,2023/8/24 09:51:39,0x3032741e7ee4a6891ccf321fd0a0b9637fde0a68b83449b2649b59f769cd176a,39s,1020.4831966049969,0.016,,0.016,https://app.blocksec.com/explorer/tx/bsc/0x3032741e7ee4a6891ccf321fd0a0b9637fde0a68b83449b2649b59f769cd176a,TRUE
0xC1909E60FFDA6A3c01488159E9371fCc72AC5c47,0xE9F2E8a1e956051ffa6709109854739A9BE22d12,,33376332,2023/11/10 17:04:34,33376341,2023/11/10 17:05:01,0xe512345363cd557be46060c0cdfdf81f8090d42cda0fe113f84cfbe98c480e53,27s,1167.8170229904354,,,,https://app.blocksec.com/explorer/tx/bsc/0xe512345363cd557be46060c0cdfdf81f8090d42cda0fe113f84cfbe98c480e53,,
0xF243c48d71419aCEFa9b0bBBbad0f3B27bf24D21,0x1A496DA5e27F8f3B06d23aa09dd1d7f33dF8040a,,32845114,2023/10/23 04:38:23,32845683,2023/10/23 05:06:50,0x3db2a6329d5fa4d89482126b5ce86b488414a11032811a507d619340a0cb6370,28m 27s,116.39719721674919,61.29,,61.29,https://app.blocksec.com/explorer/tx/bsc/0x3db2a6329d5fa4d89482126b5ce86b488414a11032811a507d619340a0cb6370,TRUE
0xCad9feAa91260097f81552C37654Da388063b1e1,0xb9bdc2537C6F4B587A5C81A67e7e3a4e6dDDa189,,33525514,2023/11/15 21:52:34,,,,,527.0725963264704,,,,,,
0x1c0cCE9953EC6025036C8702e4465BB85E8A7517,0xE9F2E8a1e956051ffa6709109854739A9BE22d12,,32969824,2023/10/27 12:58:06,,,,,634.7634410560131,,,,,
0x1DF3b68c74F53AFD48AEBC838Bf77C08808532aA,0x9c66B0c68c144Ffe33E7084FE8cE36EBC44aD21e,,34195685,2023/12/9 06:05:04,34196188,2023/12/9 06:30:14,0x4fa9379f8c5595c832ca8a8fbf792c7ee2249817c467f82c19377718a7be8fd9,25m 10s,149.66330552473664,,,,https://app.blocksec.com/explorer/tx/bsc/0x4fa9379f8c5595c832ca8a8fbf792c7ee2249817c467f82c19377718a7be8fd9,
,,,,,34196223,2023/12/9 06:31:59,0xe49377e3f49c89517c231293162f4b17fc1b57eb4b59068c2ee0ea1005a2fd5c,26m 55s,,0,,,https://app.blocksec.com/explorer/tx/bsc/0xe49377e3f49c89517c231293162f4b17fc1b57eb4b59068c2ee0ea1005a2fd5c,
0x314eFBecB25c070eAB4785d6Ec643f26aC487066,0xCE60E4afa51e74CAE7969D5Cf74Ab6c1772eFEa6,,35450098,2024/1/21 22:14:16,,,,,2453.461968731135,,,,,,
0x949271BCeedC009811FAe4A4F4FCE029F59196c6,0x7B6690C97F70B3C49F5Ac10193862D7ba3d880A0,,34037023,2023/12/3 17:31:07,34037412,2023/12/3 17:50:34,0x6deac6f9a08f250425499ae9ad4d0b04944e0486455d6ed8e0edf2f77798e8f5,19m 27s,140.1922853216529,,,0,https://app.blocksec.com/explorer/tx/bsc/0x6deac6f9a08f250425499ae9ad4d0b04944e0486455d6ed8e0edf2f77798e8f5,
,,,,,34037476,2023/12/3 17:53:46,0xf039b4658a57b8c4b00111dd36e2cb66ac1ff5337b6171486d8d54964db9af96,22m 39s,,,-9.99,,https://app.blocksec.com/explorer/tx/bsc/0xf039b4658a57b8c4b00111dd36e2cb66ac1ff5337b6171486d8d54964db9af96,
0x18cdB7055568181592658CE31118D2C170Bf5877,0xb9bdc2537C6F4B587A5C81A67e7e3a4e6dDDa189,,33524562,2023/11/15 21:04:59,,,,,629.6394219174981,,,,,,
0xE75A444D6f6286D4AC79ba7914a10f67e5c111AB,0xE9F2E8a1e956051ffa6709109854739A9BE22d12,,33375750,2023/11/10 16:35:20,33375784,2023/11/10 16:37:02,0x807c59134938341c09247497d1680515be9956cf7c7fb363cd60a9c1f27819bc,1m 42s,883.416703235358,,,,https://app.blocksec.com/explorer/tx/bsc/0x807c59134938341c09247497d1680515be9956cf7c7fb363cd60a9c1f27819bc,
0x3e5cb6C77735934C4579849420C9B2A8976F6C5C,0x1b059118A30A335C5E2B0F560a26898115E77684,,31528142,2023/9/7 07:41:32,,,,,206.88708587363362,,,,,,
0x68E92b37e48429be257EE31E7b8854C23f2da351,0xE9F2E8a1e956051ffa6709109854739A9BE22d12,,32966124,2023/10/27 09:52:36,,,,,850.8708060085773,,,,,
0x232caE3811aab3066fc7befbba18A331d8A07B5B,0xfe2105E1317dFd6Ed3887BF7882977C03CFEbB7C,,34753290,2023/12/28 16:20:19,,,,,721.3775828294456,,,,,,
0x7eC96907369585DC892993A0ef2e1ac31B67969a,0xCE60E4afa51e74CAE7969D5Cf74Ab6c1772eFEa6,,35450677,2024/1/21 22:43:18,,,,,481.0944191068411,,,,,,
0xA24a3F8908aEC6B87a3e48EBA8D6Ce6FfE48091B,0xCE60E4afa51e74CAE7969D5Cf74Ab6c1772eFEa6,,33736835,2023/11/23 06:36:46,,,,,348.07615135237575,,,,,,
0x7d445f9804D933D162Cd013A4844b9283d8e3e61,0xEd6550C6C43c837E4793d459b60eD39134DF0641,,30100316,2023/7/19 13:25:59,30100334,2023/7/19 13:26:53,0x5985b83e51d0fb98db193a8a8692075660801775adbe68c586b0ebeffe9ea02c,54s,1025.590450502932,,,,https://app.blocksec.com/explorer/tx/bsc/0x5985b83e51d0fb98db193a8a8692075660801775adbe68c586b0ebeffe9ea02c,,
0xA4c85EA29f595DA5CE2C97e2Bc61FEc87A3D6875,0x2E713D48f969172984e7D470e46366bB99D798E5,,31070633,2023/8/22 08:40:01,31070656,2023/8/22 08:41:11,0xe1a959d5160b6ef3e0858f8f888056ad91d48dc5123be47af94013ebe4a2a3d2,1m 10s,191.89795759692788,,,,https://app.blocksec.com/explorer/tx/bsc/0xe1a959d5160b6ef3e0858f8f888056ad91d48dc5123be47af94013ebe4a2a3d2,,
0x5d28F238F00ef531ff179e4a69e7036ab262c08e,0xCE60E4afa51e74CAE7969D5Cf74Ab6c1772eFEa6,,35446976,2024/1/21 19:37:44,,,,,"1365.64717977494,",,,,,,
0x20b52cd694ffF2515CF47822E61a706E4ECb6948,0xb9bdc2537C6F4B587A5C81A67e7e3a4e6dDDa189,,33524217,2023/11/15 20:47:34,,,,,572.8377358280122,,,,,,
0x02fcd233869834F249d14EeC5949F2A6356F0bc8,0x7B6690C97F70B3C49F5Ac10193862D7ba3d880A0,,34035771,2023/12/3 16:28:18,34036721,2023/12/3 17:15:58,0x9c69016b5054c7dfb61c61af5a010ba4ea7007bc59895f614af8e65622c75737,47m 40s,145.7063096612692,,,0,https://app.blocksec.com/explorer/tx/bsc/0x9c69016b5054c7dfb61c61af5a010ba4ea7007bc59895f614af8e65622c75737,
,,,,,34036915,2023/12/3 17:25:43,0x9d6e2ae6bd23e770c92dedea22b6054bbbbf0dccb9964749baff58b010adb4be,57m 25s,,,-9.99,,https://app.blocksec.com/explorer/tx/bsc/0x9d6e2ae6bd23e770c92dedea22b6054bbbbf0dccb9964749baff58b010adb4be,
0x9AC0eD77aE7F2e187808bD25f0Ec2fabB6e3a0e7,0x23762995608eAD76d2a9949189aAa13b3c44611E,,32685629,2023/10/17 15:18:52,32685650,2023/10/17 15:19:55,0xb29ee691e661a54c3e1ca47d57ced27f78a2d59964788f949ad86a50f4408116,1m 3s,442.3603596165776,,488.84,488.84,https://app.blocksec.com/explorer/tx/bsc/0xb29ee691e661a54c3e1ca47d57ced27f78a2d59964788f949ad86a50f4408116,TRUE
,,,,,32685666,2023/10/17 15:20:43,0x4e666cae7e3321c989fee6b75505e4959cb867ef670f227cd69370c39b2396cb,1m 51s,,488.84,-488.84,488.84,https://app.blocksec.com/explorer/tx/bsc/0x4e666cae7e3321c989fee6b75505e4959cb867ef670f227cd69370c39b2396cb,
0x8F8e315A99ec5A601cC98dBE4eaF22B36d453B0E,0x23762995608eAD76d2a9949189aAa13b3c44611E,,31529831,2023/9/7 09:06:01,,,,,319.1870387531817,,,,,,
0x434d921188f8a7Fb86704f6a0B286ce9E0A18381,0x7B6690C97F70B3C49F5Ac10193862D7ba3d880A0,,34036675,2023/12/3 17:13:40,34037116,2023/12/3 17:35:46,0x67a5b968572db75040a669e9a4bca3024c8d7e20de62dec43f1d6c82ade4ec73,22m 6s,79.28198670968413,,-9.99,,https://app.blocksec.com/explorer/tx/bsc/0x67a5b968572db75040a669e9a4bca3024c8d7e20de62dec43f1d6c82ade4ec73,
,,,,,34037138,2023/12/3 17:36:52,0x4f07acdc067957922fbeb860c75ab05fcc355228e527aaec910f8275fea949a3,23m 12s,,,,0,https://app.blocksec.com/explorer/tx/bsc/0x4f07acdc067957922fbeb860c75ab05fcc355228e527aaec910f8275fea949a3,
0xDD027582CB541Ec738201cca8A9f969491428387,0xc1F6E0d0AB1e6d0e02ED8877349598D585F8657F,,33725361,2023/11/22 20:59:18,,,,,246.97526660561562,,,,,,
0x43457aBa329Dc4880Ca3a103846bb58F4Df7FF91,0xb8396b72763d87398a92141003d1753202D25E1e,,31529832,2023/9/7 09:06:04,31529832,2023/9/7 09:06:04,0x593fe24695ebabcf968bce64f3b2ca888bb0a2bdf779e578b8c34c9ea6765269,0s,356.33297238126397,,,,https://app.blocksec.com/explorer/tx/bsc/0x593fe24695ebabcf968bce64f3b2ca888bb0a2bdf779e578b8c34c9ea6765269,
0x12955f5141719573b429cB0ceB9C7887E19423F5,0x7f7C596Bf62D6ea4E3130eEaeb9E5cBD68c10A6E,,34319406,2023/12/13 13:23:03,34319438,2023/12/13 13:24:39,0x32c79e1f0d4af7e6747afcca3afc3e42fdd1865be386932208fb941f1db94df8,1m 36s,409.6932145804167,,,,https://app.blocksec.com/explorer/tx/bsc/0x32c79e1f0d4af7e6747afcca3afc3e42fdd1865be386932208fb941f1db94df8,,
0xBa1F4F86dD87E838131B0dD989ae7b6D73da3A6a,0xb9bdc2537C6F4B587A5C81A67e7e3a4e6dDDa189,,33525736,2023/11/15 22:03:40,,,,,569.2756338790059,,,,,,
0x2e058CcDAA2C23D883E66429f4b303047da48996,0xCE60E4afa51e74CAE7969D5Cf74Ab6c1772eFEa6,,35444355,2024/1/21 17:25:40,,,,,275.19565715640783,,,,,,
0xc06f2B468074c799B80417F35D9c23823934a655,0x7B6690C97F70B3C49F5Ac10193862D7ba3d880A0,,34039110,2023/12/3 19:15:30,34046579,2023/12/4 01:29:10,0xb9c8346acf3ac2eb5105139ec52b6f95941254254cbeefd7c051da3f45d16fa6,6h 13m 40s,142.03155206516385,,-10.1,,https://app.blocksec.com/explorer/tx/bsc/0xb9c8346acf3ac2eb5105139ec52b6f95941254254cbeefd7c051da3f45d16fa6,
,,,,,34046600,2023/12/4 01:30:13,0x75ad7f6bc658c7284b3f6c0ec1caf787e33bf7a4ab3cea1894225d9bfbd2759a,6h 14m 41s,,,,0,https://app.blocksec.com/explorer/tx/bsc/0x75ad7f6bc658c7284b3f6c0ec1caf787e33bf7a4ab3cea1894225d9bfbd2759a,
0x84589248667e17988BaAF8F5B51bfa9eaF58168F,0x84f37F6cC75cCde5fE9bA99093824A11CfDc329D,,33917010,2023/11/29 13:14:34,33917043,2023/11/29 13:16:13,0x5662e85d648ef3c0368648fe0cafe13ee69cd012e466642f464fdb3eca2bde08,1m 39s,178.83861868828535,,480.66,480.66,https://app.blocksec.com/explorer/tx/bsc/0x5662e85d648ef3c0368648fe0cafe13ee69cd012e466642f464fdb3eca2bde08,TRUE
,,,,,33917085,2023/11/29 13:18:19,0x81e39655e40abfb7cca6e5cdfdde4fcb2b3d09702fb79b7f87d4cdb7c865ffaa,3m 45s,,480.66,-480.66,480.66,https://app.blocksec.com/explorer/tx/bsc/0x81e39655e40abfb7cca6e5cdfdde4fcb2b3d09702fb79b7f87d4cdb7c865ffaa,
0x615811FD937885873AB86B4f4978eeeE29E56a6C,0xc1F6E0d0AB1e6d0e02ED8877349598D585F8657F,,33725477,2023/11/22 21:05:13,,,,,87.26776805147529,,,,,,
0xa1430214aB0048a87bDd8d92501CFB4Ea2326FC4,0x7Ccf451D3c48C8bb747f42F29A0CdE4209FF863e,,32357472,2023/10/6 04:50:37,,,,,265.9485702738166,,,,,,
0x6E671f9D9fFA39F089C0a0FD3be3240E301A9c8B,0x374783BC2b5436D1517644261DB33d976ED4795D,,30180129,2023/7/22 08:06:45,,,,,477.2266054302454,,,,,,
0x09162225331d8f2A36CE6c5e9aB935d43491a6aF,0xEd6550C6C43c837E4793d459b60eD39134DF0641,,30100710,2023/7/19 13:45:43,,,,,298.1220107525587,,,,,,
0xd85a565e80e6415b3b4c6A8Bd0E48502ADA121A9,0xa3aa817587556C023e78B2285D381C68CEe17069,,33049266,2023/10/30 07:24:35,33049334,2023/10/30 07:27:59,0x67bf31a740f79d25709d8572522c306ac05c8880d00a8a43b1d4b4229790947b,3m 24s,6678.335261177272,,,,https://app.blocksec.com/explorer/tx/bsc/0x67bf31a740f79d25709d8572522c306ac05c8880d00a8a43b1d4b4229790947b,
,,,,,33049358,2023/10/30 07:29:11,0x21d69fab4509bde71d54b6444e30a8c0205baa7828faaeb34c3834dd095705d4,4m 36s,,,,,https://app.blocksec.com/explorer/tx/bsc/0x21d69fab4509bde71d54b6444e30a8c0205baa7828faaeb34c3834dd095705d4,
0x375157096eB1639CaCc3a8a70D0D394F1Cc27bf7,0x84f37F6cC75cCde5fE9bA99093824A11CfDc329D,,31108017,2023/8/23 16:00:08,,,,,1387.9858926311135,,,,,,
0x241DE9bB162E46d3488551996dB6Ada210d8d8cA,0xb9bdc2537C6F4B587A5C81A67e7e3a4e6dDDa189,,33524139,2023/11/15 20:43:40,,,,,577.6580071561038,,,,,,
0x69581A91150B1e8849fa413b04dE767CcAf0f0f4,0xE017c8609e2269AE2DaF5417Ac95BAb8f472697C,,31053036,2023/8/21 17:56:08,31053051,2023/8/21 17:56:53,0xe53563a31d445a508f1d8aa34f5416e7adcd42b7d9c29c5a75cbec9f8ac6a6ea,45s,206.84849893674254,,12.14,12.14,https://app.blocksec.com/explorer/tx/bsc/0xe53563a31d445a508f1d8aa34f5416e7adcd42b7d9c29c5a75cbec9f8ac6a6ea,TRUE
,,,,,31053056,2023/8/21 17:57:08,0xdd94cc276abb054bfb52168eb3cf77b9db240f30e1298be22bc4d49a4f2332e5,1m,,12.14,-12.14,12.14,https://app.blocksec.com/explorer/tx/bsc/0xdd94cc276abb054bfb52168eb3cf77b9db240f30e1298be22bc4d49a4f2332e5,
0xd535c585605965DdfcBAB2B959513ee56c663ea5,0xC3cC5Fc2D2A28f40226bEb77DaccA6a6F73e6d31,,30647852,2023/8/7 15:11:13,,,,,279.1501440294087,,,,,,
0xB3B68ECE18369Cd5DBa0289950095613B6e822b5,0x7B6690C97F70B3C49F5Ac10193862D7ba3d880A0,,34038458,2023/12/3 18:42:53,34039169,2023/12/3 19:18:27,0xff64f75ba6f4dad2a35ae041236e08681e8a060c24951dae18518803562751ab,35m 34s,61.03242361545563,,-9.99,,https://app.blocksec.com/explorer/tx/bsc/0xff64f75ba6f4dad2a35ae041236e08681e8a060c24951dae18518803562751ab,
,,,,,34039221,2023/12/3 19:21:04,0xa92c08763308386b15136d818d3fcbe55479934c01d3ae38f413576a2e4fcaf2,38m 11s,,,,0,https://app.blocksec.com/explorer/tx/bsc/0xa92c08763308386b15136d818d3fcbe55479934c01d3ae38f413576a2e4fcaf2,
0xE7e68E794c50285f44674F358565776783370578,0xCE60E4afa51e74CAE7969D5Cf74Ab6c1772eFEa6,,35451003,2024/1/21 22:59:47,,,,,567.1473883241415,,,,,,
0x519E4985A05DC909dC856CEC04eBD0f200D04B60,0xfe2105E1317dFd6Ed3887BF7882977C03CFEbB7C,,34747664,2023/12/28 11:38:25,34747706,2023/12/28 11:40:31,0x9e72d9865a01aa1953e0ef25cc84cdad76cd7936ff1115c2ff2011b25f8beceb,2m 6s,419.95670303329825,60.79,,60.79,https://app.blocksec.com/explorer/tx/bsc/0x9e72d9865a01aa1953e0ef25cc84cdad76cd7936ff1115c2ff2011b25f8beceb,TRUE
0x29FFBB4d1A5f4471e4403986674b053Df730DED6,0xa66de5afa4DB434D5dc99bb671341Ed457269c6F,,33191307,2023/11/4 06:19:53,33191339,2023/11/4 06:21:29,0x5c2cab56289584b254f181e25a8766f37267a49bc2be2ed0e8065928c5dc03e2,1m 36s,8852.288568735123,523.41 - 523.71,,,https://app.blocksec.com/explorer/tx/bsc/0x5c2cab56289584b254f181e25a8766f37267a49bc2be2ed0e8065928c5dc03e2,,
0xeEC54c60380F2b05117afe842Dd1856Ff89c0a18,0x84f37F6cC75cCde5fE9bA99093824A11CfDc329D,,31108054,2023/8/23 16:02:01,,,,,1114.2801462858915,,,,,,
0x453198BE28eCB2C4121569dd5CC5C7086244DBC9,0xF610e3A4eF3b19b9cF8Dc88E4Cc26B2f96EC1410,,33147214,2023/11/2 17:25:57,,,,,17200.405350025743,,,,,,
0xF235d8478a5dCC2349cECCDE9d3a90aa3dDBE1f3,0xCE60E4afa51e74CAE7969D5Cf74Ab6c1772eFEa6,,35451327,2024/1/21 23:15:59,,,,,487.0499765910208,,,,,,
0xea87D8AfE3E00E7570a294bE8720a30A828e5A87,0xE9F2E8a1e956051ffa6709109854739A9BE22d12,,33379452,2023/11/10 19:40:47,,,,,1052.7078632302582,,,,,
0xa2c2B7c20cC252216835A32D444F1857556bBDe3,0x7B6690C97F70B3C49F5Ac10193862D7ba3d880A0,,34046551,2023/12/4 01:27:46,34046700,2023/12/4 01:35:13,0x0c203cb890a831c263c85357838e9d83eda5ac5fdb7bf1fe1f9a287b22f9f5f3,7m 27s,62.67639997601509,,-10.1,,https://app.blocksec.com/explorer/tx/bsc/0x0c203cb890a831c263c85357838e9d83eda5ac5fdb7bf1fe1f9a287b22f9f5f3,
,,,,,34046717,2023/12/4 01:36:04,0x58466868f384a2ed1ecb69b16117d1686251c65e0b859505a5415c9cee9602e8,8m 18s,,,,0,https://app.blocksec.com/explorer/tx/bsc/0x58466868f384a2ed1ecb69b16117d1686251c65e0b859505a5415c9cee9602e8,
0x2A2147Ceb020c3acCEeeA3BF05E758FCe6482E4B,0x2D3bb6bbb889b2c8f69CCe52e9BA5e9b2419941d,,33319712,2023/11/8 17:36:35,33319801,2023/11/8 17:41:02,0x4c7047763af03b7e3505c4eeaa2ed570ee09fdeed87d4e92005d2af99f38be04,4m 27s,378.28609100729227,,,,https://app.blocksec.com/explorer/tx/bsc/0x4c7047763af03b7e3505c4eeaa2ed570ee09fdeed87d4e92005d2af99f38be04,,
0x18956A39Ec95D8475ba2197571fa088d401135b4,0xb213dd31f83dA2E3b554E4370ff50CF2264357Db,,30043560,2023/7/17 13:59:37,30043560,2023/7/17 13:59:37,0x25158106dec107cc2937f2423f21af8a6e5955545dc738b6740329105a7e3291,0s,216.07410576567054,,,,https://app.blocksec.com/explorer/tx/bsc/0x25158106dec107cc2937f2423f21af8a6e5955545dc738b6740329105a7e3291,,
0xbF26FCfb47cCb6e6D1A263b6d7CcEA638533c074,0x7B6690C97F70B3C49F5Ac10193862D7ba3d880A0,,34046674,2023/12/4 01:33:55,34047928,2023/12/4 02:37:03,0xae22d7ee4106ef7ab7d8dc863d47b4ced102030924dcee4553c6fcda53fd83cc,1h 3m 8s,99.76650682464242,,,0,https://app.blocksec.com/explorer/tx/bsc/0xae22d7ee4106ef7ab7d8dc863d47b4ced102030924dcee4553c6fcda53fd83cc,
,,,,,34047990,2023/12/4 02:40:09,0x3307885e7bda436179d6364930bd01fe99ff0d99421dea8c06cf17e516a82c4c,1h 6m 14s,,,-10.08,,https://app.blocksec.com/explorer/tx/bsc/0x3307885e7bda436179d6364930bd01fe99ff0d99421dea8c06cf17e516a82c4c,
0x2D56a22E6cbb470F304E3904D6a2F835219cF401,0x374783BC2b5436D1517644261DB33d976ED4795D,,30180250,2023/7/22 08:12:48,,,,,258.80945397540927,,,,,,
0x1059FffD56f5F413E75388155E8DbF02Dd6Fd27e,0xCE60E4afa51e74CAE7969D5Cf74Ab6c1772eFEa6,,35452075,2024/1/21 23:53:25,,,,,416.1191882751882,,,,,,
0x38EA1c63264272C3E91cce5d56eEF89dcB93703E,0xA95760f894309751cc81ccc63653424806D01DdF,,33522974,2023/11/15 19:45:14,33523289,2023/11/15 20:00:59,0xb40f16e87714d28e406b9a2cb469579757ac666c5898eab66d707126047877c6,15m 45s,2868.684071801603,,,,https://app.blocksec.com/explorer/tx/bsc/0xb40f16e87714d28e406b9a2cb469579757ac666c5898eab66d707126047877c6,
,,,,,33523348,2023/11/15 20:03:56,0x058c28ee1483b5638c57ce62c6b3550dacbfb6967df5bc8c9bf83f392e402ce2,18m 42s,,,,,https://app.blocksec.com/explorer/tx/bsc/0x058c28ee1483b5638c57ce62c6b3550dacbfb6967df5bc8c9bf83f392e402ce2,
0x79B8A37301d8d1A4D6dA7E9620C0E3cF622Da402,0x60247473d1248F94be9cCd11321780abF7382c30,,33801316,2023/11/25 12:33:55,33801337,2023/11/25 12:34:58,0xfa03b235ae2f5814613942cd6b0d90ddcd6b66c69a5fdf797f675b57f62e694b,1m 3s,340.48254161700606,,,,https://app.blocksec.com/explorer/tx/bsc/0xfa03b235ae2f5814613942cd6b0d90ddcd6b66c69a5fdf797f675b57f62e694b,
,,,,,33802858,2023/11/25 13:51:59,0x8b6c2e2c663b1b766bc2ff2706d65850456a6c8f82e6fd6477a8b9194f892bc0,1h 18m 4s,,,,,https://app.blocksec.com/explorer/tx/bsc/0x8b6c2e2c663b1b766bc2ff2706d65850456a6c8f82e6fd6477a8b9194f892bc0,
0x37Db9A4e6786f73734Ab014cB8A1db3738EF1327,0xb9bdc2537C6F4B587A5C81A67e7e3a4e6dDDa189,,33528934,2023/11/16 00:44:07,,,,,395.9054521918297,,,,,,
0xF47E496221Ce24d75d978e52F48E24bbb2dba777,0xCE60E4afa51e74CAE7969D5Cf74Ab6c1772eFEa6,,35444324,2024/1/21 17:24:01,,,,,405.0457338877022,,,,,,
0xd68C19d275b003089E07Cc2a7F3F037c94F4af99,0x23762995608eAD76d2a9949189aAa13b3c44611E,,32680055,2023/10/17 10:38:15,32680137,2023/10/17 10:42:21,0xc3aca51991ea1d915e32167ac78b1b5009e846be801c02fe68dc64111f8e14e7,4m 6s,465.2462685853243,,71.54,71.54,https://app.blocksec.com/explorer/tx/bsc/0xc3aca51991ea1d915e32167ac78b1b5009e846be801c02fe68dc64111f8e14e7,TRUE
,,,,,32680261,2023/10/17 10:48:32,0xe9156f0193ca38a9e927cdca9dfd5cda0535a7f90923cde7020517c85427ea89,10m 18s,,71.54,-71.54,71.54,https://app.blocksec.com/explorer/tx/bsc/0xe9156f0193ca38a9e927cdca9dfd5cda0535a7f90923cde7020517c85427ea89,
0xbdC3672C0a87B538b7C64F9360bE94799bE3f65A,0x3222220e49C8365149C3aC65854864668be7ecF8,,31738125,2023/9/14 15:07:48,31738141,2023/9/14 15:08:36,0xa86a4c04b62bef7df6f067cc565659d36dc9cc1b4ab9e244c888cbd07de9575e,48s,471.386318590492,,,,https://app.blocksec.com/explorer/tx/bsc/0xa86a4c04b62bef7df6f067cc565659d36dc9cc1b4ab9e244c888cbd07de9575e,,
0x45A7d5E64F1eF33f0C2198d687C4F29667601987,0xE9F2E8a1e956051ffa6709109854739A9BE22d12,,33376188,2023/11/10 16:57:23,33376196,2023/11/10 16:57:46,0xd117379bb5ffe526708dbf1990dc91df3a654ac4e5fb02de0953ec2ebffd1855,23s,1067.5228306911886,,,,https://app.blocksec.com/explorer/tx/bsc/0xd117379bb5ffe526708dbf1990dc91df3a654ac4e5fb02de0953ec2ebffd1855,
0x22fBCe9EDE259aDDB79EAED8e94148c063637750,0x20395D8e8a11CFD2541b942aFdb810b7dcc64681,,34803503,2023/12/30 10:15:09,,,,,375.80794716626406,,,,,
0x19e3Ae25e21Cbf938f5EF9EdAe6bCBe528cBF4e6,0x84f37F6cC75cCde5fE9bA99093824A11CfDc329D,,33257034,2023/11/6 13:14:36,,,,,956.3656009919941,,,,,,
0xDA148143379AE54e06d2429a5C80b19D4a9D6734,0xb9bdc2537C6F4B587A5C81A67e7e3a4e6dDDa189,,33528819,2023/11/16 00:38:22,33528883,2023/11/16 00:41:34,0x75a26224da9faf37c2b3a4a634a096af7fec561f631a02c93e11e4a19d159477,3m 12s,426.83353600278497,25706.88,,25706.88,https://app.blocksec.com/explorer/tx/bsc/0x75a26224da9faf37c2b3a4a634a096af7fec561f631a02c93e11e4a19d159477,found on Defihacklabs
0x3B885F898bB876D810783fCA2953284421418092,0x315F69FE48DDbFD3d10E223dfBC468C1C41C5490,,33115400,2023/11/1 14:50:00,33115419,2023/11/1 14:50:59,0x176a07ee9b3c0daf3cc340580af864f55269fff07424dceceffa359268cf9dcc,59s,,-1335.59,,,https://app.blocksec.com/explorer/tx/bsc/0x176a07ee9b3c0daf3cc340580af864f55269fff07424dceceffa359268cf9dcc,
,,,,,33115419,2023/11/1 14:50:00,0x7ec7e8a4df4e4be26d1c87623a864cd6f5677d9839a03fc146912131d61f5037,59s,,-1329.37,,,https://app.blocksec.com/explorer/tx/bsc/0x7ec7e8a4df4e4be26d1c87623a864cd6f5677d9839a03fc146912131d61f5037,
0xcf3bfc04C958eCA263E3F3eF46024a49ada741Ba,0x3222220e49C8365149C3aC65854864668be7ecF8,,31738346,2023/9/14 15:18:51,31738370,2023/9/14 15:20:03,0x038ab43db05e6b9684cde6dd51449c4eeea4030c5df6604471895de6ebd27a36,1m 12s,340.4150259234011,,,,https://app.blocksec.com/explorer/tx/bsc/0x038ab43db05e6b9684cde6dd51449c4eeea4030c5df6604471895de6ebd27a36,,
0x956CF2F50C24880bd44d5bB128B93184648be7ef,0x2E713D48f969172984e7D470e46366bB99D798E5,,31070449,2023/8/22 08:30:42,31070463,2023/8/22 08:31:25,0x48e780c5cf7a9495575a0f8d230abb8257add470fbfc3e7eedf4f086511e8845,43s,231.78759199753404,,,,https://app.blocksec.com/explorer/tx/bsc/0x48e780c5cf7a9495575a0f8d230abb8257add470fbfc3e7eedf4f086511e8845,,
0xa7Fe9c5D4b87b0d03E9bB99F4B4E76785de26b5D,0x7Ccf451D3c48C8bb747f42F29A0CdE4209FF863e,,32021089,2023/9/24 11:37:44,,,,,2379.9242613203824,,,,,,
0x2557c2e340aA3d7fC423106a2F04CE2467F0c42f,0xfe2105E1317dFd6Ed3887BF7882977C03CFEbB7C,,34751841,2023/12/28 15:07:49,34751875,2023/12/28 15:09:31,0x19b679383696590e220754e9bdcfeadc114a8a58ecda5bc365446c7dea6941e2,1m 42s,598.927564162761,126.95,,126.95,https://app.blocksec.com/explorer/tx/bsc/0x19b679383696590e220754e9bdcfeadc114a8a58ecda5bc365446c7dea6941e2,TRUE
0x9a16b5375E79E409A8bFdb17cfe568e533c2D7c5,0xb06D402705AD5156b42E4279903CbD7771CF59c9,,33940712,2023/11/30 09:05:39,33940984,2023/11/30 09:15:15,0x7312d9f9c13fc69f00f58e92a112a3e7f036ced7e65f7e0fa67382488d5557dc,13m 36s,2401.0200001858175,22814.43,,22814.43,https://app.blocksec.com/explorer/tx/bsc/0x7312d9f9c13fc69f00f58e92a112a3e7f036ced7e65f7e0fa67382488d5557dc,TRUE
0xD7ddF0Dd0A84B7BE166d055585b8f8c1CD506879,0xCE60E4afa51e74CAE7969D5Cf74Ab6c1772eFEa6,,35451312,2024/1/21 23:15:14,,,,,629.375916570425,,,,,,
0x6B10784a92775f04a7E45cf1037E8e3779925711,0xCE60E4afa51e74CAE7969D5Cf74Ab6c1772eFEa6,,35272867,2024/1/15 18:08:58,,,,,587.5394821837544,,,,,,
0x3C7D0106647a8AEDcA3Da59cEA2B3bB1284e8Ecf,0xe9FAc789C947f364f53C3BC28bB6E9e099526468,,33544518,2023/11/16 13:44:44,,,,,715.1197518594563,,,,,,
0x0485337263f52C4D8A9429Fa37f6094b17350bdB,0xCE60E4afa51e74CAE7969D5Cf74Ab6c1772eFEa6,,35273195,2024/1/15 18:25:25,,,,,291.21751936897635,,,,,,
0x94f989ea8A937632189595E2f954C9f25F1f98d7,0xCE60E4afa51e74CAE7969D5Cf74Ab6c1772eFEa6,,35451173,2024/1/21 23:08:17,,,,,495.03224147483706,,,,,,
0x6975676ddA0E622922aa0A926329fdFdB86de201,0xCE60E4afa51e74CAE7969D5Cf74Ab6c1772eFEa6,,35449158,2024/1/21 21:27:07,,,,,1794.640617005527,,,,,,
0xfeB546f78A8ef62b4a90E4fb7F2A6973fAEA198B,0x1703062d657c1ca439023F0993D870F4707a37FF,,35277664,2024/1/15 22:09:21,,,,,617.1699368879199,,,,,,
0xB5F8A0f5f01277251cAf555DEe8Dca5755d0859d,0xbCdaDc6F004292Ce2b98d39d1187a2f766b94A37,,30512149,2023/8/2 21:39:36,,,,,779.1762660220265,,,,,,
0x5a8C07F48D53839581E8ca6C4C2775e0DE527393,0xC3cC5Fc2D2A28f40226bEb77DaccA6a6F73e6d31,,31642287,2023/9/11 07:03:17,31642305,2023/9/11 07:04:11,0xb176bd7892c04fb81afeba1ece1d4902c7e72efcd8026d15c3b50787ddd7d2a9,54s,456.3532598204911,,,,https://app.blocksec.com/explorer/tx/bsc/0xb176bd7892c04fb81afeba1ece1d4902c7e72efcd8026d15c3b50787ddd7d2a9,,
0x6938443BA79EcaB316374c7619562c8Bc6CB9566,0xE9F2E8a1e956051ffa6709109854739A9BE22d12,,33375910,2023/11/10 16:43:20,33375919,2023/11/10 16:43:47,0xa178efc63b9ad7e38ac59a5c6d0ed187a87b397c7f2e966f53dd55d85847ec2e,27s,607.3968979604542,,,,https://app.blocksec.com/explorer/tx/bsc/0xa178efc63b9ad7e38ac59a5c6d0ed187a87b397c7f2e966f53dd55d85847ec2e,,
0xc9716ec1B0503316233E3bcC50853F0Df6befD43,0x031958a8137745350549fd95055398Dd536a07c7,,36111173,2024/2/13 22:13:48,36111183,2024/2/13 22:14:18,0x15ab671c9bf918fa4b6a9eed9ccb527f32aca40e926ede2aec2c84dfa9c30512,30s,104.67948278039694,,1137.06,1137.06,https://app.blocksec.com/explorer/tx/bsc/0x15ab671c9bf918fa4b6a9eed9ccb527f32aca40e926ede2aec2c84dfa9c30512,TRUE
,,,,,36111190,2024/2/13 22:14:39,0x150c27ee474bd9ee7e853508d093ef2b96d419c0853901c4a7fec346af55a596,51s,,1137.06,-1137.06,1137.06,https://app.blocksec.com/explorer/tx/bsc/0x150c27ee474bd9ee7e853508d093ef2b96d419c0853901c4a7fec346af55a596,
0x174D3fC05b9620adE3E9d41e95c6b5A9df2F0730,0xCE60E4afa51e74CAE7969D5Cf74Ab6c1772eFEa6,,35272370,2024/1/15 17:44:07,,,,,318.8475961983204,,  ,,,,
0xfD334FFB7eb6e68974bcbC6e446fd810511Be0ae,0xCE60E4afa51e74CAE7969D5Cf74Ab6c1772eFEa6,,35446726,2024/1/21 19:25:14,,,,,839.8044870793819,,,,,,
0xfb2640d3fC7BF2B8c2fD22050Bf08cF6ebF76897,0xbCdaDc6F004292Ce2b98d39d1187a2f766b94A37,,30512855,2023/8/2 22:14:56,30512862,2023/8/2 22:15:17,0x99cadf119da73926c81b88cffe490653c01cc01b30d28eb30d646e096b8d8664,22s,534.8715143501759,,,,https://app.blocksec.com/explorer/tx/bsc/0x99cadf119da73926c81b88cffe490653c01cc01b30d28eb30d646e096b8d8664,,
0x443bbDB7305074922c3723d025169AE9AeCF284D,0xCE60E4afa51e74CAE7969D5Cf74Ab6c1772eFEa6,,35274558,2024/1/15 19:33:48,,,,,245.2384426444769,,,,,,
0x4c16bFB00A08c3ABacb2508835BaFdAE14E637F9,0x84f37F6cC75cCde5fE9bA99093824A11CfDc329D,,33257047,2023/11/6 13:15:15,,,,,488.080293931067,,,,,,
0x2151fb4BB62AF87335403C3775E49552C9EC5535,0xcc517764D63fe79eA2207F47FedCD9fdE4CCA5F7,,34159760,2023/12/8 00:06:01,34160102,2023/12/8 00:23:07,0x99c5e2139e98150204dcdb8e656aa5531400efcb50fdcdd393eab87ea3a72463,17m 6s,182.99720406159759,,,,https://app.blocksec.com/explorer/tx/bsc/0x99c5e2139e98150204dcdb8e656aa5531400efcb50fdcdd393eab87ea3a72463,,
0x37013E7691e6a76E86d31a8f433af03f21093B3E,0xe9FAc789C947f364f53C3BC28bB6E9e099526468,,33544776,2023/11/16 13:57:39,,,,,227.561722997576,,,,,,
0x9fb660B282fA2E74FCB6B5a18f9AFc94C2d7c47E,0xCE60E4afa51e74CAE7969D5Cf74Ab6c1772eFEa6,,35447087,2024/1/21 19:43:17,,,,,634.6017401814461,,,,,,
0xf78dA450F968B3367831B89000aC49666FEE20d0,0x5e45e1c9adB232db6a1b05FcDd28977A411B94B4,,35810672,2024/2/3 11:22:07,35810730,2024/2/3 11:25:01,0x85b095a7c5e316424c4eefeee5043ed7c6d67b17e5a3adc1c302385b076fd3ea,2m 54s,178.29781083390117,,,,https://app.blocksec.com/explorer/tx/bsc/0x85b095a7c5e316424c4eefeee5043ed7c6d67b17e5a3adc1c302385b076fd3ea,,
0x66E844c138cEBc441581cE5a71CC73BA5D6303B8,0xEd6550C6C43c837E4793d459b60eD39134DF0641,,30155194,2023/7/21 11:16:46,30155487,2023/7/21 11:31:26,0x41e73d9961d76488d64510e8aac83f19daf60d25394631a20d725a965bd44b0d,14m 14s,175.22550643235445,,,,https://app.blocksec.com/explorer/tx/bsc/0x41e73d9961d76488d64510e8aac83f19daf60d25394631a20d725a965bd44b0d,TRUE
,,,,,30155628,2023/7/21 11:38:29,0x7c2918c16580440a92d6bc437bf461c13aabd1af8bd64d7a9ebb50bbf7c9863f,21m 43s,,499.98,-499.98,499.98,https://app.blocksec.com/explorer/tx/bsc/0x7c2918c16580440a92d6bc437bf461c13aabd1af8bd64d7a9ebb50bbf7c9863f,
0x33810F448D18FE265773F57aF69645b08635c37c,0xa66de5afa4DB434D5dc99bb671341Ed457269c6F,,33113952,2023/11/1 13:37:03,,,,,10561.377525556833,,,,,,
0xf1A2Ff1C7f29B8211BC35A5a350ad54C08465149,0xF4C11ac8040936DA701015E196BC62E645592E6D,,35819689,2024/2/3 18:53:52,35819715,2024/2/3 18:55:10,0xc0f4535f28273e93c8726c1bba32a5a9ba787af7e41c15583e7d3978a6d5e4ad,1m 18s,194.4477095119655,,-12.68,,https://app.blocksec.com/explorer/tx/bsc/0xc0f4535f28273e93c8726c1bba32a5a9ba787af7e41c15583e7d3978a6d5e4ad,TRUE
,,,,,35819737,2024/2/3 18:56:16,0x7a2163e8c5de7521453999a22e5884b52735620747438e9b38d3140550a7b666,2m 24s,,40.29,-40.29,40.29,https://app.blocksec.com/explorer/tx/bsc/0x7a2163e8c5de7521453999a22e5884b52735620747438e9b38d3140550a7b666,
0xe02efd10575B20A653e772968Be72fe57ad1a3C9,0xbCdaDc6F004292Ce2b98d39d1187a2f766b94A37,,30512743,2023/8/2 22:09:20,,,,,442.63744945824146,,,,,,
0x3CE93d74Ef024716bfE6070198905B18e62ecE89,0x5e45e1c9adB232db6a1b05FcDd28977A411B94B4,,35810595,2024/2/3 11:18:16,35810606,2024/2/3 11:18:49,0x1db2082cd536a683dfae3a00b7860d5d147735089ee03a3463fcb0a985131588,33s,117.0696953125298,,,,https://app.blocksec.com/explorer/tx/bsc/0x1db2082cd536a683dfae3a00b7860d5d147735089ee03a3463fcb0a985131588,,
0x1b9bd182e1342fbb1A4D2a495b911476d9641D16,0xe9FAc789C947f364f53C3BC28bB6E9e099526468,,33544854,2023/11/16 14:01:34,,,,,195.17275690287352,,,,,,
0x8bC5D92ee6b7ed1AF20cA8813C5A13f1e558cE6F,0xCE60E4afa51e74CAE7969D5Cf74Ab6c1772eFEa6,,35275581,2024/1/15 20:24:58,,,,,1759.1526433452964,,,,,,
0xA5b79F4e8dA9ff163f8B404B832a7A614a36500D,0xbCdaDc6F004292Ce2b98d39d1187a2f766b94A37,,30512792,2023/8/2 22:11:47,,,,,340.1765743046999,,,,,,
0x9CDc3b6BB62847ED3803724472Ed842856256812,0xCE60E4afa51e74CAE7969D5Cf74Ab6c1772eFEa6,,35447386,2024/1/21 19:58:17,,,,,608.1465470157564,,,,,,
0xa0e1A1916dEB4d51FAEcF5a58631c5B0D1CA2590,0xCE60E4afa51e74CAE7969D5Cf74Ab6c1772eFEa6,,35273315,2024/1/15 18:31:27,,,,,145.80182509496808,,,,,,
0xe281b65614Ca33a8384c24b6Fe3d06c6293A9Aef,0xCE60E4afa51e74CAE7969D5Cf74Ab6c1772eFEa6,,35444254,2024/1/21 17:20:23,,,,,98.7585056014359,,,,,,
0x88Caa51B84C1E3a811c0000951B508c5B7a0f82e,0xCE60E4afa51e74CAE7969D5Cf74Ab6c1772eFEa6,,35272274,2024/1/15 17:39:19,,,,,163.25943336635828,,,,,,
0xf4047D77e5a6BdE6A3A28A2843Ecdfd4E26bB8CE,0x60247473d1248F94be9cCd11321780abF7382c30,,33893426,2023/11/28 17:31:54,33893466,2023/11/28 17:33:54,0xdab9104552e5c8ea86bd1c8dfbc381c635cf860440d664a711743bc8ec8e37b6,2m,148.03326007723808,,,,https://app.blocksec.com/explorer/tx/bsc/0xdab9104552e5c8ea86bd1c8dfbc381c635cf860440d664a711743bc8ec8e37b6,,
0x03B1cd84Dd2EdF1442A6928EccFE5C2e039A792B,0xEd6550C6C43c837E4793d459b60eD39134DF0641,,30155062,2023/7/21 11:10:10,30155070,2023/7/21 11:10:34,0xd8322d9174ebe4704fabdf00647d2ba65c50def6254a891d70a3edf7a2a98148,24s,107.59206481650472,,,,https://app.blocksec.com/explorer/tx/bsc/0xd8322d9174ebe4704fabdf00647d2ba65c50def6254a891d70a3edf7a2a98148,TRUE
,,,,,30155204,2023/7/21 11:11:16,0x420a0f5d504952235d502991314c2c6a456c2cd5d3e07904c80127573c297df9,1m 6s,,500.01,-500.01,500.01,https://app.blocksec.com/explorer/tx/bsc/0x420a0f5d504952235d502991314c2c6a456c2cd5d3e07904c80127573c297df9,
0xA1afDAbE32798c048636284d3AF01274Ac1171ba,0xCE60E4afa51e74CAE7969D5Cf74Ab6c1772eFEa6,,35273380,2024/1/15 18:34:42,,,,,122.01859871298075,,,,,,
0x6E9E04D715EDd0AdAde87a44fbBc582EF98df871,0xbCdaDc6F004292Ce2b98d39d1187a2f766b94A37,,30510292,2023/8/2 20:06:18,,,,,359.1272828988731,,,,,,
0x91E97E8f98671BB0c875c6bC2bf10211F4BCaE8b,0xaFA8EAB92f67Ea4BDC85FF5f9720C27c39E241d7,,35810454,2024/2/3 11:11:13,35810508,2024/2/3 11:13:55,0xeffd41d50d04b09ea07de675109f6ad8e1e8fdfecc18a7c73b45ce065608f178,2m 42s,72.52225529029965,,,,https://app.blocksec.com/explorer/tx/bsc/0xeffd41d50d04b09ea07de675109f6ad8e1e8fdfecc18a7c73b45ce065608f178,,
0x5d6db5B774830848C64C407AdD3918782957b8F6,0x9c66B0c68c144Ffe33E7084FE8cE36EBC44aD21e,,34189064,2023/12/9 00:33:25,,,,,19.993113804608583,,,,,,
0xD1D2C4E88d6a8ECea08cFe53aEabBc6c5d407E7f,0xbCdaDc6F004292Ce2b98d39d1187a2f766b94A37,,30511815,2023/8/2 21:22:49,30511838,2023/8/2 21:23:58,0xd93cd7cb910e65b64e79986fa2f0592b17cabda45de8d3c5dfcedde737cbf637,1m 9s,275.9972806200385,,,,https://app.blocksec.com/explorer/tx/bsc/0xd93cd7cb910e65b64e79986fa2f0592b17cabda45de8d3c5dfcedde737cbf637,,
0x2E21b5d2d11A3A601b642540071ffaAb3990A89f,0xCE60E4afa51e74CAE7969D5Cf74Ab6c1772eFEa6,,35276000,2024/1/15 20:45:55,,,,,192.43084179610014,,,,,,
0x4f19d8895f4d08987c6887879137C97bCe0cC5D3,0xc1F6E0d0AB1e6d0e02ED8877349598D585F8657F,,33685446,2023/11/21 11:38:40,,,,,14.438399769365788,,,,,,
0xC379fBf62E87B2A1C3338555F7738F7CFa4F717b,0xCE60E4afa51e74CAE7969D5Cf74Ab6c1772eFEa6,,35272981,2024/1/15 18:14:40,,,,,128.55361187830567,,,,,,
0x33d21a64e9D0De44F31c2302110dD2DB4E49b8a7,0xbCdaDc6F004292Ce2b98d39d1187a2f766b94A37,,30512223,2023/8/2 21:43:18,30512232,2023/8/2 21:43:45,0xfb20131cd6c08bb043f918309397bc47f97ddd65b16d42a119e455f136567b5c,27s,277.69949017837644,,,,https://app.blocksec.com/explorer/tx/bsc/0xfb20131cd6c08bb043f918309397bc47f97ddd65b16d42a119e455f136567b5c,,
0x0cc30aA6220D18A5EcB549CA72ea808181154A61,0xEd6550C6C43c837E4793d459b60eD39134DF0641,,30155554,2023/7/21 11:34:47,30155571,2023/7/21 11:35:38,0xd88a92e0dabcd9000a6d986b064238e7cf5cbc3c0cf14f58f554650d8cf0d2af,51s,90.88842676207423,,,,https://app.blocksec.com/explorer/tx/bsc/0xd88a92e0dabcd9000a6d986b064238e7cf5cbc3c0cf14f58f554650d8cf0d2af,
,,,,,30155620,2023/7/21 11:38:05,0x1935b0e71c19d2dfc6b736cd884df50701d01eeef35e433d9fc061e8d0b4d613,3m 18s,,499.98,-499.98,499.98,https://app.blocksec.com/explorer/tx/bsc/0x1935b0e71c19d2dfc6b736cd884df50701d01eeef35e433d9fc061e8d0b4d613,TRUE
,,,,,30155913,2023/7/21 11:52:48,0x9bf34bfddbcbadfaf1aa1726db74c4896c0c12e889bd0c803401715a35232034,18m 1s,,499.98,-499.98,499.98,https://app.blocksec.com/explorer/tx/bsc/0x9bf34bfddbcbadfaf1aa1726db74c4896c0c12e889bd0c803401715a35232034,
0x21EA6611cEdB17b69a672fC6f024106470660FBF,0xCE60E4afa51e74CAE7969D5Cf74Ab6c1772eFEa6,,35272462,2024/1/15 17:48:43,,,,,127.74504451453686,,,,,,
0x28FBcDc0c3778de57b412e344df06A1BE8159F92,0xe9FAc789C947f364f53C3BC28bB6E9e099526468,,33544381,2023/11/16 13:37:53,,,,,144.6936559341848,,,,,,
0xf075f6F2977db97C1aFDe5585DF6B86161113489,0xbCdaDc6F004292Ce2b98d39d1187a2f766b94A37,,30510422,2023/8/2 20:12:55,,,,,293.5251145660877,,,,,,
0x479b30F8Fd044F2514Cc866c13Da7e04e682af48,0xCE60E4afa51e74CAE7969D5Cf74Ab6c1772eFEa6,,35273704,2024/1/15 18:51:03,,,,,171.4567656442523,,,,,,
0x75864AdcDa1250C0FEB0866e01AB77E4425F896b,0xe9FAc789C947f364f53C3BC28bB6E9e099526468,,33544734,2023/11/16 13:55:33,,,,,149.60492483898997,,,,,,
0x08197f548E7f325bf9ae52C0f218b2AB8b40C616,0x997B75897ae1A14420660bf530147E455589EA65,,35816181,2024/2/3 15:58:11,35816314,2024/2/3 16:04:50,0x15c771ee15b63cadcd88bef36fc8db87c4bee202e7575da3375be07e1e59efd4,6m 39s,69.5612852871418,,,,https://app.blocksec.com/explorer/tx/bsc/0x15c771ee15b63cadcd88bef36fc8db87c4bee202e7575da3375be07e1e59efd4,,
0x87c75F8a69732bAd999CE1faB464526856215c77,0xe9FAc789C947f364f53C3BC28bB6E9e099526468,,33544948,2023/11/16 14:06:16,33545075,2023/11/16 14:12:37,0xf6ec3c22b718c3da17746416992bac7b65a4ef42ccf5b43cf0716c82bffc2844,6m 21s,136.53455353155732,,,,https://app.blocksec.com/explorer/tx/bsc/0xf6ec3c22b718c3da17746416992bac7b65a4ef42ccf5b43cf0716c82bffc2844,,
0x2bb010d388fD84887f8E7eE7Bf652d76B522de7f,0xbCdaDc6F004292Ce2b98d39d1187a2f766b94A37,,30513132,2023/8/2 22:28:47,,,,,316.34163887798786,,,,,,
0x736c3BcB4d43d5CA77182786951377232D5C6Df1,0xe9FAc789C947f364f53C3BC28bB6E9e099526468,,33544455,2023/11/16 13:41:35,,,,,146.63039803504944,,,,,,
0xEf7F068fc7E4b08A2FB2a76da845D76F50285634,0xCE60E4afa51e74CAE7969D5Cf74Ab6c1772eFEa6,,35275137,2024/1/15 20:02:46,,,,,183.9933290630579,,,,,,
0x7c02C598f10D31C2b4F32164181B775d44d4F357,0xCE60E4afa51e74CAE7969D5Cf74Ab6c1772eFEa6,,35271941,2024/1/15 17:22:40,,,,,123.08418847620487,,,,,,
0x5e6CC114D2a9bF1701C8469EE3e86f629B158e1a,0xe9FAc789C947f364f53C3BC28bB6E9e099526468,,33544896,2023/11/16 14:03:40,,,,,137.5024823434651,,,,,,
0xE2eb40d3D753EED8DF77Ed9da80912c7C1c12b86,0xCE60E4afa51e74CAE7969D5Cf74Ab6c1772eFEa6,,35273789,2024/1/15 18:55:18,,,,,167.16573681682348,,,,,,
0x905e8C12BA0821095f07776e6EFbA030b1961Aa0,0xCE60E4afa51e74CAE7969D5Cf74Ab6c1772eFEa6,,35274625,2024/1/15 19:37:09,,,,,189.72924902662635,,,,,,
0x523107BC3222817bBe3E3b060Ba38C9Eb19E8968,0x1b059118A30A335C5E2B0F560a26898115E77684,,31093124,2023/8/23 03:33:41,,,,,104.07699348405004,,,,,,
0x8D1C79BEE15e56d9f8E5b1B530a676eE3476328d,0xCE60E4afa51e74CAE7969D5Cf74Ab6c1772eFEa6,,35274674,2024/1/15 19:39:36,,,,,185.1937179490924,,,,,,
0x783FBEa45b32eAAA596b44412041DD1208025E83,0xb29F18B89E56cC0151C7C17DE0625A21018D8ae7,,33132467,2023/11/2 05:07:13,33132468,2023/11/2 05:07:13,0x8163738d6610ca32f048ee9d30f4aa1ffdb3ca1eddf95c0eba086c3e936199ed,3s,,31386.18,,31386.18,https://app.blocksec.com/explorer/tx/bsc/0x8163738d6610ca32f048ee9d30f4aa1ffdb3ca1eddf95c0eba086c3e936199ed,found on Defihacklabs
0x2F5eBC8E0278cF55004Bd3a10fFDB03DcFC83989,0x64bBE5961EbC5117fd615e25517FDd01E9316258,,36651970,2024/3/3 17:48:06,36666380,2024/3/4 05:50:12,0x7aa679c33d8acef25afed03e7515de26d3298f309ddb06f39d4ee45d97935e39,12h 2m 6s,171.2112834714353,153.13,-153.13,153.13,https://app.blocksec.com/explorer/tx/bsc/0x7aa679c33d8acef25afed03e7515de26d3298f309ddb06f39d4ee45d97935e39,TRUE
,,,,,36677447,2024/3/4 15:04:27,0xe9d600d3900d54a28e994f3d1d440ee70150909e00dc8e3896812e95c46ef569,21h 16m 21s,,126.43,-126.43,126.43,https://app.blocksec.com/explorer/tx/bsc/0xe9d600d3900d54a28e994f3d1d440ee70150909e00dc8e3896812e95c46ef569,
,,,,,36695425,2024/3/5 06:04:17,0xb3c11d7420adacf83e70ba6fd35e20078167c73704f448028e9f1a4603558e74,1d 12h 16m 11s,,121.72,-121.72,121.72,https://app.blocksec.com/explorer/tx/bsc/0xb3c11d7420adacf83e70ba6fd35e20078167c73704f448028e9f1a4603558e74,
,,,,,36706143,2024/3/5 15:03:02,0xa441c5893d95d315f7d90e17ff7c2fd28bb8fc7ae6442c75847a6356a145fd23,1d 21h 14m 56s,,117.06,-117.06,117.06,https://app.blocksec.com/explorer/tx/bsc/0xa441c5893d95d315f7d90e17ff7c2fd28bb8fc7ae6442c75847a6356a145fd23,
0xC9CB27e55E889d2D08A68B2467403fcCA5c7E67a,0xB495573Cd2246e7cc7D6d2B37d779463295e5ab0,,36646121,2024/3/3 12:55:08,36647339,2024/3/3 13:56:15,0x2a2b6de72678b5506bb5a50ffe7cf46abcee1a25dfadfa0180d77fbc97b70fa0,1h 1m 7s,122.8645202703774,,,0,https://app.blocksec.com/explorer/tx/bsc/0x2a2b6de72678b5506bb5a50ffe7cf46abcee1a25dfadfa0180d77fbc97b70fa0,,
0xFe3C067f8F925b4bF82162C646Df208E639305A5,0xa4157Dbac99F5CD4674A8A4d1fb916fB73cDEab2,,36670392,2024/3/4 09:11:21,,,,,130.3226293027401,,,,,,
0x8b6b56c5F7b38a6F2032e29c3dc487d339b0aA46,0xa3aa817587556C023e78B2285D381C68CEe17069,,36217240,2024/2/17 14:47:54,,,,,101.00444266945124,,,,,,
0x5b76DB1DDcdC3238cF673047414Ef6F0DfE6667a,0xB495573Cd2246e7cc7D6d2B37d779463295e5ab0,,36649229,2024/3/3 15:30:56,,,,,119.69346268102527,,,,,,
0x5EeD3a74852542c53EF093AE053f8605F675cC6B,0xa4157Dbac99F5CD4674A8A4d1fb916fB73cDEab2,,36668202,2024/3/4 07:21:31,36671635,2024/3/4 10:13:32,0x3e81f2ff397b4a79b90adc67239f085a375aaff44511a55b411dbd410514364c,2h 52m 1s,108.61438055336475,21.61,-21.61,21.61,https://app.blocksec.com/explorer/tx/bsc/0x3e81f2ff397b4a79b90adc67239f085a375aaff44511a55b411dbd410514364c,TRUE
0xCAFFB5BA8f3966BB3c2A3D01e3A4dA7CF16568a3,0x64bBE5961EbC5117fd615e25517FDd01E9316258,,36650562,2024/3/3 16:37:41,,,,,110.94062605127692,,,,,,
0x5Cf5C44f734839a216276DD5936860fd73A7c5e2,0xF7Eaf1985D272F8335F01DEa6e69886EBC0Dd94F,,36649052,2024/3/3 15:22:05,,,,,118.03603337705135,,,,,,
0x4d67D1a4F35c1362ED6Be1876Dae11Abce33EE73,0xB495573Cd2246e7cc7D6d2B37d779463295e5ab0,,36649281,2024/3/3 15:33:32,,,,,104.60678615421057,,,,,,
0x680Ee932b2e4708672CC84c1AF98469Ab39eA473,0xa3aa817587556C023e78B2285D381C68CEe17069,,36217791,2024/2/17 15:15:29,,,,,85.08202154934406,,,,,,
0xceD10F8e9E9c1EE8A05B762f7075D0Ce812aF331,0xa4157Dbac99F5CD4674A8A4d1fb916fB73cDEab2,,36706535,2024/3/5 15:22:38,,,,,100.143216624856,,,,,,
0xe2D43B032702f7F09Edf8A0Dd7dd641c3Cd19cf3,0x85b4c672AA5F4c7165224e4A7Ba550bf2c16E64d,,36742029,2024/3/6 20:59:42,36742104,2024/3/6 21:03:27,0xc681b05fea04a5e2fda52453e43371eca1eacf25101a52922bc46175dc50c012,3m 45s,39.119840640574694,161.67,,161.67,https://app.blocksec.com/explorer/tx/bsc/0xc681b05fea04a5e2fda52453e43371eca1eacf25101a52922bc46175dc50c012,TRUE
0xD5fBC63B79A8CEF40e063964c54afdc28F33cEf1,0x2375E98dd41B14593FC62F5649aE49e4d0e09512,,36698740,2024/3/5 08:50:24,,,,,68.7761563025415,,,,,,
0xbCA6FC25c732502Fd97FBc4e74Ea31AB78288E4e,0xF7Eaf1985D272F8335F01DEa6e69886EBC0Dd94F,,36702657,2024/3/5 12:08:33,,,,,114.54160697758198,,,,,,
0xB9d6206c45Ad9f7911b2B82C4765C6073617fC75,0xa4157Dbac99F5CD4674A8A4d1fb916fB73cDEab2,,36705308,2024/3/5 14:21:13,,,,,117.64587310701609,,,,,,
0xC4b1D2516Fb06638c010ad81F328294732597021,0xF7Eaf1985D272F8335F01DEa6e69886EBC0Dd94F,,36700910,2024/3/5 10:39:54,,,,,112.24615877866745,,,,,,
0x6014aCf6c6c21c1A66C458dBd1A9D194dd4B8ab0,0x1913A245409Fb7B135636606F1EfD70d6297E8D4,,37084415,2024/3/18 19:03:12,37084436,2024/3/18 19:04:16,0xae33ca82e865e82c84ebd4a15cd81a77d32816227b069d9142d6a1dbeb3201d1,1m 4s,68.57525695115328,,"2,795.51 - 145,409.52",,https://app.blocksec.com/explorer/tx/bsc/0xae33ca82e865e82c84ebd4a15cd81a77d32816227b069d9142d6a1dbeb3201d1,TRUE
,,,,,37084457,2024/3/18 19:05:19,0x194c8982d0b9bcb088badf513b3e27c7b346c5d094008de3834e05caeedbbc37,2m 6s,,2795.51,-2795.51,2795.51,https://app.blocksec.com/explorer/tx/bsc/0x194c8982d0b9bcb088badf513b3e27c7b346c5d094008de3834e05caeedbbc37,
0x6aDE8Abbd1271fb9E61fD93AFF187F496d058eFB,0x85b4c672AA5F4c7165224e4A7Ba550bf2c16E64d,,37290315,2024/3/25 22:59:44,37290361,2024/3/25 23:02:02,0x142a6fda8a410e8c141fe96a9309bbda8dd943b222ed25d1311ea51da2f69f26,2m 18s,147.5976378917694,22.76,,22.76,https://app.blocksec.com/explorer/tx/bsc/0x142a6fda8a410e8c141fe96a9309bbda8dd943b222ed25d1311ea51da2f69f26,,
0xaECde6D645f7434347d375782a2F19e8D701ba80,0x499057D1AE21F2AFE0b46C154f9529201C44c6C1,,37320527,2024/3/27 00:13:51,37320558,2024/3/27 00:15:24,0xda8a534a68765aefd5dfc3e0c5ac1d12fb4d075bad968dcdf3b7a8d6d2770983,1m 33s,250.24214439466596,,40.13,40.13,https://app.blocksec.com/explorer/tx/bsc/0xda8a534a68765aefd5dfc3e0c5ac1d12fb4d075bad968dcdf3b7a8d6d2770983,
,,,,,37320622,2024/3/27 00:18:36,0x978d2a646103e31b81f056dc7233876553cbd21365fed722c9dd12c52cd7a819,4m 45s,,40.13,-40.13,40.13,https://app.blocksec.com/explorer/tx/bsc/0x978d2a646103e31b81f056dc7233876553cbd21365fed722c9dd12c52cd7a819,
0x25026267a9ae68f4E86AcD83d54Bd0e1593C0A75,0x52e38D496F8D712394D5ED55E4d4Cdd21f1957De,,37401324,2024/3/29 19:41:13,37401345,2024/3/29 19:42:16,0xadcb8a9b7debe4ad18db4d0e4e8d22b499a7b4da60e1c77fc63ae2ec45f344e9,1m 3s,553.2688260301948,-61.07,61.07,,https://app.blocksec.com/explorer/tx/bsc/0xadcb8a9b7debe4ad18db4d0e4e8d22b499a7b4da60e1c77fc63ae2ec45f344e9,
,,,,,37401366,2024/3/29 19:43:19,0xe4a26cb2038a7a530274a5e6060094fa172150478038acc211a385258d08a7fd,2m 6s,,,,,https://app.blocksec.com/explorer/tx/bsc/0xe4a26cb2038a7a530274a5e6060094fa172150478038acc211a385258d08a7fd,
,,,,,37401477,2024/3/29 19:48:52,0x5a69de35bf8ee9b68ef57ea17080e191e035bc4e730f454603263ca1594486df,7m 39s,,589.32,-61.25,589.32,https://app.blocksec.com/explorer/tx/bsc/0x5a69de35bf8ee9b68ef57ea17080e191e035bc4e730f454603263ca1594486df,TRUE
0x8aa4D831582C3545A02894aBBAB8450C9c545d85,0x499057D1AE21F2AFE0b46C154f9529201C44c6C1,,37454080,2024/3/31 15:45:07,,,,,471.891633246094,,,,,
0x1bA98f52C6FdB0d23b3994121BEb2cbE89d6b295,0x499057D1AE21F2AFE0b46C154f9529201C44c6C1,,37454049,2024/3/31 15:43:34,,,,,374.0331432335079,,,,,
0x1C9c1e8BC919b2EA92AfdAd118955bfa686Fb94b,0x499057D1AE21F2AFE0b46C154f9529201C44c6C1,,37453744,2024/3/31 15:28:12,,,,,291.62049861997366,,,,,
0xe1e2C21E01cBA093631A27b136C51CA016ebF33F,0x499057D1AE21F2AFE0b46C154f9529201C44c6C1,,37454565,2024/3/31 16:09:22,,,,,546.2486602142453,,,,,
0x11BFd986299bb0D5666536E361f312198e882642,0x52e38D496F8D712394D5ED55E4d4Cdd21f1957De,,37400380,2024/3/29 18:54:01,37400398,2024/3/29 18:54:55,0x76a1d21e7a89d657d09ed4761d89dc51b1c413b723647c81d0b3edd010f79a4c,44s,761.7398156821728,,,,https://app.blocksec.com/explorer/tx/bsc/0x76a1d21e7a89d657d09ed4761d89dc51b1c413b723647c81d0b3edd010f79a4c,
,,,,,37400464,2024/3/29 18:58:13,0x8a490cac7336e86f908c72c237486ab6b2710baa6ca030a1d1c38c61bbee24d2,4m 12s,,-61.18,60.64,,https://app.blocksec.com/explorer/tx/bsc/0x8a490cac7336e86f908c72c237486ab6b2710baa6ca030a1d1c38c61bbee24d2,TRUE
,,,,,37400485,2024/3/29 18:59:16,0xfe031685d84f3bae1785f5b2bd0ed480b87815c3f23ce6ced73b8573b7e367c6,5m 15s,,1361.4,,1361.4,https://app.blocksec.com/explorer/tx/bsc/0xfe031685d84f3bae1785f5b2bd0ed480b87815c3f23ce6ced73b8573b7e367c6,
0xFdC95fD031B46BF6f393EE161B699d90f65fA176,0xa3aa817587556C023e78B2285D381C68CEe17069,,37422254,2024/3/30 13:10:04,,,,,276.80176079273224,,,,,,
0x613714c4d84642a061C1DDf9D968F2FbBbE22F9b,0x99ec17582dd9e4161B3a13D7fECB595E2CcB265D,,37530968,2024/4/3 07:56:31,37531103,2024/4/3 08:03:16,0x388982d657521456ed98c7175338700247ee27ec070abe0925a1ca851aef8101,5m 55s,77.57851765304804,389,0.85,389.85,https://app.blocksec.com/explorer/tx/bsc/0x388982d657521456ed98c7175338700247ee27ec070abe0925a1ca851aef8101,TRUE
0x674727101A6008979C547bd9C8EcD746059AC8BE,0x9C8A782325c67D02E69DD4b1EbDfF8A643a7B3b3,,37579015,2024/4/5 00:04:00,,,,,118.79081762954593,,,,,,
0xd5731a71Ed376923daa239d0eC84D949CdEA14e2,0x86414B569d870B10C3E6643b8e93e1867a9fBbbB,,37605948,2024/4/5 22:32:23,,,,,134.12880685925484,,,,,,
0xF5D943805284bFA9c58EB3D777Dd5791b5f9dA10,0xc4c306c20B4A22F1d261F11C40e88603dD2A2888,,37680647,2024/4/8 12:55:14,37680755,2024/4/8 13:00:38,0xd03702e17171a32464ce748b8797008d59e2dbcecd3b3847d5138414566c886d,5m 24s,147.05597580224276,,"28513.58+6,864.17",35377.75,https://app.blocksec.com/explorer/tx/bsc/0xd03702e17171a32464ce748b8797008d59e2dbcecd3b3847d5138414566c886d,found on Defihacklabs
,,,,,37680943,2024/4/8 13:10:02,0xafea61edb932f816550ef7241e62355d4d50be1bdb7727d69a7a9fb4d510482e,14m 48s,,28513.58,-28513.58,28513.58,https://app.blocksec.com/explorer/tx/bsc/0xafea61edb932f816550ef7241e62355d4d50be1bdb7727d69a7a9fb4d510482e,
0xb6e88Ea191d27BDe7f8F2F1c698D001435ee2C49,0xbD8192dfB71aD0191760536AF35922B7DB5FEB62,,37608700,2024/4/6 00:50:04,37609034,2024/4/6 01:06:49,0x360ea71beb59f6447049c12fd7e7f99dadfe7807f8620e3a3315d0cb08197eea,16m 45s,118.21726604551077,98.31,,98.31,https://app.blocksec.com/explorer/tx/bsc/0x360ea71beb59f6447049c12fd7e7f99dadfe7807f8620e3a3315d0cb08197eea,TRUE
,,,,,37609071,2024/4/6 01:08:40,0x0f4d7c8ec9678a206f8729ed02629259b69a615444376e7c65b9af5d186ee7cb,18m 36s,,29.95,,29.95,https://app.blocksec.com/explorer/tx/bsc/0x0f4d7c8ec9678a206f8729ed02629259b69a615444376e7c65b9af5d186ee7cb,
,,,,,37609639,2024/4/6 01:37:04,0xad4e3b4562b07fa99455f9639de81ee43e17e85522a3dfac40c2fe48954e921b,47m,,1,0.05,1.05,https://app.blocksec.com/explorer/tx/bsc/0xad4e3b4562b07fa99455f9639de81ee43e17e85522a3dfac40c2fe48954e921b,
